transition_id,declared_language,detected_source_language,qc_status,reason,partition,development_item_id,calibration_id,test_id
0016268f57f9529a13d05f7e,C,C,CONFIRMED_C,C source signatures and no Java/C++-specific signature: C standard header; C stdio function,development,,,
003e39bda6d478f34293ce0e,C,C,CONFIRMED_C,C source signatures and no Java/C++-specific signature: C standard header; C stdio function,validation,,,
005087f8bcefa8a5e7b90f66,C,C,CONFIRMED_C,C source signatures and no Java/C++-specific signature: C standard header; C stdio function; C allocation function; C typedef/struct syntax,development,DEV_027,,
0099689f246db7407bcc9dc4,C,C,CONFIRMED_C,C source signatures and no Java/C++-specific signature: C standard header; C stdio function,test,,,
014a28a9c4ae9e1f46a09fa6,C,C,CONFIRMED_C,C source signatures and no Java/C++-specific signature: C standard header; C stdio function,validation,,,
0178cfdcc865f1e76818096a,C,C,CONFIRMED_C,C source signatures and no Java/C++-specific signature: C standard header; C stdio function,validation,,,
0182af0bd6c3c332f5c0cb5c,C,C,CONFIRMED_C,C source signatures and no Java/C++-specific signature: C standard header; C stdio function,validation,,,
018d9e44c228357c697146a0,C,C,CONFIRMED_C,C source signatures and no Java/C++-specific signature: C standard header; C stdio function,development,,,
020eeee243a531f09d7b2324,C,C,CONFIRMED_C,C source signatures and no Java/C++-specific signature: C standard header; C stdio function,development,DEV_043,,
024047c290b603ecd4b87eb7,C,C,CONFIRMED_C,C source signatures and no Java/C++-specific signature: C standard header; C stdio function,test,,,
027d8724d5d739dc6528c999,C,C,CONFIRMED_C,C source signatures and no Java/C++-specific signature: C standard header; C stdio function,development,,,
02c5306b81f958671494fe80,C,C,CONFIRMED_C,C source signatures and no Java/C++-specific signature: C standard header; C stdio function,test,,,
02cdfd2e2ec16a424dd40e09,C,C,CONFIRMED_C,C source signatures and no Java/C++-specific signature: C standard header; C stdio function,validation,,,
030427fef063f8846b6c05b2,C,C,CONFIRMED_C,C source signatures and no Java/C++-specific signature: C standard header; C stdio function,test,,,7822e96022aea352522cae47
0318c8fcb723382bea8635f4,C,C,CONFIRMED_C,C source signatures and no Java/C++-specific signature: C standard header; C stdio function,development,DEV_040,,
035547569f376c9b98a045e8,C,C,CONFIRMED_C,C source signatures and no Java/C++-specific signature: C standard header; C stdio function,test,,,c695f9fd5a7bffdee19dddaa
0368c185d1757c5e649fa71d,C,C,CONFIRMED_C,C source signatures and no Java/C++-specific signature: C standard header; C stdio function,development,,,
03954801743249eef952d634,C,C,CONFIRMED_C,C source signatures and no Java/C++-specific signature: C standard header; C stdio function,development,,,
0410008474cd582a89cc996e,C,C,CONFIRMED_C,C source signatures and no Java/C++-specific signature: C standard header; C stdio function,development,DEV_028,,
0430f59ed79ebd70ecb3b040,C,C,CONFIRMED_C,C source signatures and no Java/C++-specific signature: C standard header; C stdio function,test,,,
043d18ab2cb6cf049469ecb9,C,C,CONFIRMED_C,C source signatures and no Java/C++-specific signature: C standard header; C stdio function,validation,,,
046da00f3f178cdedec30c72,C,C,CONFIRMED_C,C source signatures and no Java/C++-specific signature: C standard header; C stdio function,test,,,
04b0ea57e531f135948dcd04,C,C,CONFIRMED_C,C source signatures and no Java/C++-specific signature: C standard header; C stdio function,validation,,,
04d504869bd7ba0bdf920208,C,C,CONFIRMED_C,C source signatures and no Java/C++-specific signature: C standard header; C stdio function,development,,,
04f1b71ea465b2ed65dd52d9,C,C,CONFIRMED_C,C source signatures and no Java/C++-specific signature: C standard header; C stdio function,validation,,,
0516ed55d1e1f5562db3badc,C,C,CONFIRMED_C,C source signatures and no Java/C++-specific signature: C standard header; C stdio function,development,DEV_038,,
05700847e2bd260a6adcc1ba,C,C,CONFIRMED_C,C source signatures and no Java/C++-specific signature: C standard header; C stdio function,development,,,
05a7f52d93e40b43d7d3276e,C,C,CONFIRMED_C,C source signatures and no Java/C++-specific signature: C standard header; C stdio function,development,DEV_008,,
05c6d6ab16414054f3b42bd6,C,C,CONFIRMED_C,C source signatures and no Java/C++-specific signature: C standard header; C stdio function,development,,,
06168206d33fcfafb6901b07,C,C,CONFIRMED_C,C source signatures and no Java/C++-specific signature: C standard header; C stdio function,development,,,
06a4393d99493474f6341604,C,C,CONFIRMED_C,C source signatures and no Java/C++-specific signature: C standard header; C stdio function; C allocation function; C typedef/struct syntax,development,DEV_001,,
07a03ea71b2f4c6f27869c3a,C,C,CONFIRMED_C,C source signatures and no Java/C++-specific signature: C standard header; C stdio function,development,,,
08c3ec8cc0152a4032797812,C,C,CONFIRMED_C,C source signatures and no Java/C++-specific signature: C standard header; C stdio function; C sizeof operator,development,,,
0987befc3970649f6b3258bd,C,C,CONFIRMED_C,C source signatures and no Java/C++-specific signature: C standard header; C stdio function,development,,,
099f0327a2d5bff092c315bb,C,C,CONFIRMED_C,C source signatures and no Java/C++-specific signature: C standard header; C stdio function,development,,,
09ace714b33f1ea6c1b2473b,C,C,CONFIRMED_C,C source signatures and no Java/C++-specific signature: C standard header; C stdio function,test,,,
09cd93e43605cf484d95412e,C,C,CONFIRMED_C,C source signatures and no Java/C++-specific signature: C standard header; C stdio function,test,,,
09e40b0580a533e77778e9de,C,C,CONFIRMED_C,C source signatures and no Java/C++-specific signature: C standard header; C stdio function,development,,,
0ade9002fe070dbb443853d6,C,C,CONFIRMED_C,C source signatures and no Java/C++-specific signature: C standard header; C stdio function,validation,,,
0b7de08013bb2230574f903d,C,C,CONFIRMED_C,C source signatures and no Java/C++-specific signature: C standard header; C stdio function,test,,,
0bc086a44677300bdf9a8464,C,C,CONFIRMED_C,C source signatures and no Java/C++-specific signature: C standard header; C stdio function,development,,,
0bcf269768466530bad2ed24,C,C,CONFIRMED_C,C source signatures and no Java/C++-specific signature: C standard header; C stdio function,development,DEV_035,,
0be087615bc7e8d1e5fc1a9a,C,C,CONFIRMED_C,C source signatures and no Java/C++-specific signature: C standard header; C stdio function,development,DEV_021,,
0c4b75791f5d5b503b9c4e4e,C,C,CONFIRMED_C,C source signatures and no Java/C++-specific signature: C standard header; C stdio function,development,,,
0c73a8bc745f575c329451e1,C,C,CONFIRMED_C,C source signatures and no Java/C++-specific signature: C standard header; C stdio function,validation,,,
0c8a0585ba0cd2beb4801356,C,C,CONFIRMED_C,C source signatures and no Java/C++-specific signature: C standard header; C stdio function,validation,,,
0c8f809c95c8539b5839f91e,C,C,CONFIRMED_C,C source signatures and no Java/C++-specific signature: C standard header; C stdio function,validation,,,
0d39dc16568838b38735c020,C,C,CONFIRMED_C,C source signatures and no Java/C++-specific signature: C standard header; C stdio function,development,,,
0d5f9b6defede19610edf423,C,C,CONFIRMED_C,C source signatures and no Java/C++-specific signature: C standard header; C stdio function,test,,,
0d6b773bc162642cea91e943,C,C,CONFIRMED_C,C source signatures and no Java/C++-specific signature: C standard header; C stdio function,development,,,
0d782d742a38311455237d3b,C,C,CONFIRMED_C,C source signatures and no Java/C++-specific signature: C standard header; C stdio function,development,,,
0d990e5ddce117b03003bb8c,C,C,CONFIRMED_C,C source signatures and no Java/C++-specific signature: C standard header; C stdio function,development,,,
0de9b0448fc905368a45f405,C,C,CONFIRMED_C,C source signatures and no Java/C++-specific signature: C standard header; C stdio function,development,,,
0dfa4bbfa8ad40793051974c,C,C,CONFIRMED_C,C source signatures and no Java/C++-specific signature: C standard header; C stdio function,validation,,,
0e214e565da212e355da7d69,C,C,CONFIRMED_C,C source signatures and no Java/C++-specific signature: C standard header; C stdio function,validation,,,
0e6c6e0df1f7ec28678ecd2d,C,C,CONFIRMED_C,C source signatures and no Java/C++-specific signature: C standard header; C stdio function; C sizeof operator,development,,,
0e6e5499dbd82abef2f62215,C,C,CONFIRMED_C,C source signatures and no Java/C++-specific signature: C standard header; C stdio function,development,,,
0eac990505f5297323827967,C,C++,NON_C_CPP,C++-only source signatures: C++ standard header; C++ namespace directive; C++ stream operator,development,DEV_012,,
0f81e5971ccfaf61113b08a4,C,C,CONFIRMED_C,C source signatures and no Java/C++-specific signature: C standard header; C stdio function,validation,,,
0f8ce32fe400bbd1578771fa,C,C,CONFIRMED_C,C source signatures and no Java/C++-specific signature: C standard header; C stdio function,development,,,
0fa699d076b6b959aac51e01,C,C,CONFIRMED_C,C source signatures and no Java/C++-specific signature: C standard header; C stdio function,test,,,
0fb8a2b65b12dba834ee2259,C,C,CONFIRMED_C,C source signatures and no Java/C++-specific signature: C standard header; C stdio function,development,,,
1007b88e50ff5f163b0942f5,C,C,CONFIRMED_C,C source signatures and no Java/C++-specific signature: C standard header; C stdio function,development,,,
10264a0756fab6b0a743082f,C,C,CONFIRMED_C,C source signatures and no Java/C++-specific signature: C standard header; C stdio function,development,,,
106e3b5dbc87de383dac8ab4,C,C,CONFIRMED_C,C source signatures and no Java/C++-specific signature: C standard header; C stdio function,test,,,
10805732ddc6ace2f82f83ad,C,C,CONFIRMED_C,C source signatures and no Java/C++-specific signature: C standard header; C stdio function,development,DEV_020,,
10ef80788f07b2e061e4c6c3,C,C,CONFIRMED_C,C source signatures and no Java/C++-specific signature: C standard header; C stdio function,development,,,
10f825a8180f8d5cb97feff1,C,C,CONFIRMED_C,C source signatures and no Java/C++-specific signature: C standard header; C stdio function,test,,,99617637ce7857bc8248a2ca
113f64c96d427ee8d4f9a1f3,C,C,CONFIRMED_C,C source signatures and no Java/C++-specific signature: C standard header; C stdio function,validation,,,
11ba0f0a2cd408b2f39500a1,C,C,CONFIRMED_C,C source signatures and no Java/C++-specific signature: C standard header; C stdio function,test,,,
121b97852100e7bb178dccec,C,C,CONFIRMED_C,C source signatures and no Java/C++-specific signature: C standard header; C stdio function,development,,,
123b9f1881e004ca060e48f8,C,C++,NON_C_CPP,C++-only source signatures: C++ standard header; C++ namespace directive; C++ stream operator,development,,,
12415be0a9ee8a5da85d9d8b,C,C,CONFIRMED_C,C source signatures and no Java/C++-specific signature: C standard header; C stdio function,validation,,,
1267938b64f58edb0d0f25e7,C,C,CONFIRMED_C,C source signatures and no Java/C++-specific signature: C standard header; C stdio function,development,,,
12d3da706a7e3a0cd750951f,C,C,CONFIRMED_C,C source signatures and no Java/C++-specific signature: C standard header; C stdio function,development,,,
12d94f248d81dec9566bb6cb,C,C,CONFIRMED_C,C source signatures and no Java/C++-specific signature: C standard header; C stdio function,validation,,,
12f8487a83495f16b780c7d9,C,C,CONFIRMED_C,C source signatures and no Java/C++-specific signature: C standard header; C stdio function,development,,,
1325e8a1180a17aaa911a040,C,C,CONFIRMED_C,C source signatures and no Java/C++-specific signature: C standard header; C stdio function,test,,,
1353231013e1a6d86dc9d6e8,C,C,CONFIRMED_C,C source signatures and no Java/C++-specific signature: C standard header; C stdio function,test,,,
138044723b50b1ebabf4828e,C,C,CONFIRMED_C,C source signatures and no Java/C++-specific signature: C standard header; C stdio function,development,,,
141c2c5b6d31d8437bd5d40b,C,C,CONFIRMED_C,C source signatures and no Java/C++-specific signature: C standard header; C stdio function,development,,,
145f1080e3f47217695430ff,C,C,CONFIRMED_C,C source signatures and no Java/C++-specific signature: C standard header; C stdio function,development,,,
146cb166d84dd0dc5703803a,C,C,CONFIRMED_C,C source signatures and no Java/C++-specific signature: C standard header; C stdio function,development,,,
14a0ffa2af2e8477dc7ce6be,C,C,CONFIRMED_C,C source signatures and no Java/C++-specific signature: C standard header; C stdio function,development,,,
14e7685fe3526d8ba90c97dd,C,C,CONFIRMED_C,C source signatures and no Java/C++-specific signature: C standard header; C stdio function,development,,,
14ec82dc3562cf1d36a4dc86,C,C,CONFIRMED_C,C source signatures and no Java/C++-specific signature: C standard header; C stdio function,development,,,
14fb5028a99ec76cc7963ada,C,C,CONFIRMED_C,C source signatures and no Java/C++-specific signature: C standard header; C stdio function,validation,,,
150e962bcb73fc7d692e846d,C,C,CONFIRMED_C,C source signatures and no Java/C++-specific signature: C standard header; C stdio function,development,,,
1530072750a20034d0f712b9,C,C,CONFIRMED_C,C source signatures and no Java/C++-specific signature: C standard header; C stdio function,test,,,
15443051d7785a0200e7845d,C,C,CONFIRMED_C,C source signatures and no Java/C++-specific signature: C standard header; C stdio function,test,,,
15a5cebe6134c48e842328d8,C,C,CONFIRMED_C,C source signatures and no Java/C++-specific signature: C standard header; C stdio function,validation,,,
15d62187283bb32264313edf,C,C,CONFIRMED_C,C source signatures and no Java/C++-specific signature: C standard header; C stdio function,validation,,,
163c7b5c80d3d04dffa5ef90,C,C,CONFIRMED_C,C source signatures and no Java/C++-specific signature: C standard header; C stdio function,development,,,
164377f3b3649aab29de36e5,C,C,CONFIRMED_C,C source signatures and no Java/C++-specific signature: C standard header; C stdio function,development,,,
16a31178204729cd0231649b,C,C,CONFIRMED_C,C source signatures and no Java/C++-specific signature: C standard header; C stdio function,development,,,
16d807760969e1950a61f220,C,C,CONFIRMED_C,C source signatures and no Java/C++-specific signature: C standard header; C stdio function,test,,,749e911d832efbbb5f5b8e72
16df319919461db0956e696f,C,C,CONFIRMED_C,C source signatures and no Java/C++-specific signature: C standard header; C stdio function,development,,,
170b074a92b73d4e659b0957,C,C,CONFIRMED_C,C source signatures and no Java/C++-specific signature: C standard header; C stdio function,test,,,
1796735213d7f69a9275488a,C,C,CONFIRMED_C,C source signatures and no Java/C++-specific signature: C standard header; C stdio function,validation,,,
17b0015957e8be77082962d4,C,C,CONFIRMED_C,C source signatures and no Java/C++-specific signature: C standard header; C stdio function,development,DEV_033,,
17da3f755d2f46a0709cafea,C,C,CONFIRMED_C,C source signatures and no Java/C++-specific signature: C standard header; C stdio function,test,,,
17e861340f9b39a1dc57d720,C,C,CONFIRMED_C,C source signatures and no Java/C++-specific signature: C standard header; C stdio function,validation,,,
180e88338c4c7851230f72ab,C,C,CONFIRMED_C,C source signatures and no Java/C++-specific signature: C standard header; C stdio function,test,,,
18a4a082caf8abded094357f,C,C,CONFIRMED_C,C source signatures and no Java/C++-specific signature: C standard header; C stdio function,development,,,
18d04e0bdaa2eab5a7b9592c,C,C,CONFIRMED_C,C source signatures and no Java/C++-specific signature: C standard header; C stdio function,development,,,
192a70cd314e2380b5129fbe,C,C,CONFIRMED_C,C source signatures and no Java/C++-specific signature: C standard header; C stdio function,development,,,
193c6943e56a5094e50badd4,C,C,CONFIRMED_C,C source signatures and no Java/C++-specific signature: C standard header; C stdio function,development,,,
194955504749caef54312d90,C,C,CONFIRMED_C,C source signatures and no Java/C++-specific signature: C standard header; C stdio function,development,,,
1956c768daf47b8da1488633,C,C,CONFIRMED_C,C source signatures and no Java/C++-specific signature: C standard header; C stdio function,validation,,,
19a10749931434c4e4410d9a,C,C,CONFIRMED_C,C source signatures and no Java/C++-specific signature: C standard header; C stdio function,development,,,
19bd3bfc5d3f8048671c7cf0,C,C,CONFIRMED_C,C source signatures and no Java/C++-specific signature: C standard header; C stdio function,test,,,
1a7a3f86399b5405d5f44fa3,C,C,CONFIRMED_C,C source signatures and no Java/C++-specific signature: C standard header; C stdio function,test,,,8c48951bfdfe6ba2a7238bcb
1b0e2548a40d69f266b43907,C,C,CONFIRMED_C,C source signatures and no Java/C++-specific signature: C standard header; C stdio function,test,,,
1b35b75a56c6cc96be5fe617,C,C,CONFIRMED_C,C source signatures and no Java/C++-specific signature: C standard header; C stdio function,test,,,a701b50d29b05e111e5f1683
1b4278f8beebeefae9f2a85d,C,C,CONFIRMED_C,C source signatures and no Java/C++-specific signature: C standard header; C stdio function,validation,,CAL_006,
1b6dcd4ad940dc07706362ab,C,C,CONFIRMED_C,C source signatures and no Java/C++-specific signature: C standard header; C stdio function,validation,,,
1b70c218a1d0dfc3f8ca19f3,C,C,CONFIRMED_C,C source signatures and no Java/C++-specific signature: C standard header; C stdio function; C sizeof operator,test,,,080ff63aa16eaaf9bf2b3e0f
1b757793668e4e0f528f81c6,C,C,CONFIRMED_C,C source signatures and no Java/C++-specific signature: C standard header; C stdio function,validation,,,
1b7a79c6fd4b3a00e0daa362,C,C,CONFIRMED_C,C source signatures and no Java/C++-specific signature: C standard header; C stdio function,development,,,
1b83712ff2c096f3a2271e50,C,C,CONFIRMED_C,C source signatures and no Java/C++-specific signature: C standard header; C stdio function,test,,,
1c995984e28a4320cb941e04,C,C,CONFIRMED_C,C source signatures and no Java/C++-specific signature: C standard header; C stdio function,test,,,d9668b54641bfff0f296f065
1c9a01718d4e19e4c5b30091,C,C,CONFIRMED_C,C source signatures and no Java/C++-specific signature: C standard header; C stdio function,development,,,
1c9ea3faa4f142f7e3d5202f,C,C,CONFIRMED_C,C source signatures and no Java/C++-specific signature: C standard header; C stdio function,development,,,
1cb7f59565660bc42e7c1f2d,C,C,CONFIRMED_C,C source signatures and no Java/C++-specific signature: C standard header; C stdio function,development,,,
1d33efbfffff959bbc41a9bd,C,C,CONFIRMED_C,C source signatures and no Java/C++-specific signature: C standard header; C stdio function,development,,,
1dfca296ba705c763bb00175,C,C,CONFIRMED_C,C source signatures and no Java/C++-specific signature: C standard header; C stdio function,development,,,
1e171ad07857c0e264ba9ee4,C,C,CONFIRMED_C,C source signatures and no Java/C++-specific signature: C standard header; C stdio function,development,DEV_039,,
1e1a1bd6048e29763c10e987,C,C,CONFIRMED_C,C source signatures and no Java/C++-specific signature: C standard header; C stdio function,validation,,CAL_002,
1e270b967eb6c6260920e1e9,C,C,CONFIRMED_C,C source signatures and no Java/C++-specific signature: C standard header; C stdio function,development,,,
1e321c57fa4ba61cc5aa5ca4,C,C,CONFIRMED_C,C source signatures and no Java/C++-specific signature: C standard header; C stdio function,development,,,
1e46b71b8581cb0c616f6da6,C,C,CONFIRMED_C,C source signatures and no Java/C++-specific signature: C standard header; C stdio function,validation,,,
1eaf1a6917644834eab89274,C,C,CONFIRMED_C,C source signatures and no Java/C++-specific signature: C standard header; C stdio function,validation,,,
1ec2e982631c11f81b5dc525,C,C,CONFIRMED_C,C source signatures and no Java/C++-specific signature: C standard header; C stdio function,development,,,
1edcdc1736c6e283a733129a,C,C,CONFIRMED_C,C source signatures and no Java/C++-specific signature: C standard header; C stdio function,test,,,
1eec294b21799b7837f38893,C,C,CONFIRMED_C,C source signatures and no Java/C++-specific signature: C standard header; C stdio function,development,,,
1f03a8d70f4700d0616d3113,C,C,CONFIRMED_C,C source signatures and no Java/C++-specific signature: C standard header; C stdio function,test,,,
1f30b58a388898115749bf24,C,Java,NON_C_JAVA,Java-only source signatures: Java class declaration; Java main signature; System output/input; Java Scanner,test,,,
1ffa4cd899e8489c3d666256,C,C,CONFIRMED_C,C source signatures and no Java/C++-specific signature: C standard header; C stdio function,development,,,
204bfeb053e2b4ea2c0404d2,C,C,CONFIRMED_C,C source signatures and no Java/C++-specific signature: C standard header; C stdio function,test,,,
207d3ad763f3b5d97e71e13d,C,C,CONFIRMED_C,C source signatures and no Java/C++-specific signature: C standard header; C stdio function,validation,,,
21d619a96a4bed3785687c7b,C,C,CONFIRMED_C,C source signatures and no Java/C++-specific signature: C standard header; C stdio function; C sizeof operator,development,DEV_046,,
21ea9aee8955853b0c764b1a,C,C,CONFIRMED_C,C source signatures and no Java/C++-specific signature: C standard header; C stdio function,development,,,
21f0d78f01272869269a956d,C,C,CONFIRMED_C,C source signatures and no Java/C++-specific signature: C standard header; C stdio function,development,,,
222a088e4903825389ee92d0,C,C,CONFIRMED_C,C source signatures and no Java/C++-specific signature: C standard header; C stdio function; C allocation function; C typedef/struct syntax,development,,,
22e49bf66db9bf6f0150db56,C,Java,NON_C_JAVA,Java-only source signatures: Java import; Java class declaration; Java main signature; System output/input,test,,,
2309513cd8c6163919e2e562,C,C,CONFIRMED_C,C source signatures and no Java/C++-specific signature: C standard header; C stdio function,test,,,
243df8b803477936c4024a20,C,C,CONFIRMED_C,C source signatures and no Java/C++-specific signature: C standard header; C stdio function,development,,,
248adf037c1cdd38bd2e0ef4,C,C,CONFIRMED_C,C source signatures and no Java/C++-specific signature: C standard header; C stdio function,development,,,
24d985066780027428092c7f,C,C,CONFIRMED_C,C source signatures and no Java/C++-specific signature: C standard header; C stdio function,development,,,
25303da1cff20427a1061c7d,C,C,CONFIRMED_C,C source signatures and no Java/C++-specific signature: C standard header; C stdio function,validation,,,
258775f2f71e09ce709c14e5,C,C,CONFIRMED_C,C source signatures and no Java/C++-specific signature: C standard header; C stdio function,development,,,
25e09f61a9c08cb6c73e7993,C,C,CONFIRMED_C,C source signatures and no Java/C++-specific signature: C standard header; C stdio function,validation,,,
263625658e1ecec24b976288,C,C++,NON_C_CPP,C++-only source signatures: C++ standard header; C++ namespace directive; C++ stream operator; C++ STL type,development,,,
2636ed2314de5ded5021be96,C,C,CONFIRMED_C,C source signatures and no Java/C++-specific signature: C standard header; C stdio function,development,,,
266683608412e1e832a7b846,C,C,CONFIRMED_C,C source signatures and no Java/C++-specific signature: C standard header; C stdio function,development,,,
267283a684730ea5502bd955,C,C,CONFIRMED_C,C source signatures and no Java/C++-specific signature: C standard header; C stdio function,development,,,
27b9dc8f5b4fcbf5ccdf05d3,C,C,CONFIRMED_C,C source signatures and no Java/C++-specific signature: C standard header; C stdio function,development,,,
28f09ad90c817bacfb4e686e,C,C,CONFIRMED_C,C source signatures and no Java/C++-specific signature: C standard header; C stdio function,development,,,
293e30d5227c0de17bf08f41,C,C,CONFIRMED_C,C source signatures and no Java/C++-specific signature: C standard header; C stdio function,validation,,,
294cf37411e92d20fbac5642,C,C,CONFIRMED_C,C source signatures and no Java/C++-specific signature: C standard header; C stdio function,validation,,,
29549b51b36602e78222e007,C,C,CONFIRMED_C,C source signatures and no Java/C++-specific signature: C standard header; C stdio function,development,,,
29da56ec8199dfe810c28e90,C,C,CONFIRMED_C,C source signatures and no Java/C++-specific signature: C standard header; C stdio function,validation,,,
2a673c51dc75cbb15725fc3f,C,C,CONFIRMED_C,C source signatures and no Java/C++-specific signature: C standard header; C stdio function,development,,,
2ac5f2720724d6edcf03f703,C,C,CONFIRMED_C,C source signatures and no Java/C++-specific signature: C standard header; C stdio function,development,,,
2b18c7ffe3018d15333960ac,C,C,CONFIRMED_C,C source signatures and no Java/C++-specific signature: C standard header; C stdio function,test,,,b76c0afbcfcf1113b546c973
2b90e6d74842580c9596f097,C,C,CONFIRMED_C,C source signatures and no Java/C++-specific signature: C standard header; C stdio function,validation,,,
2bb2453a0080ea8ed2e7b2a3,C,C,CONFIRMED_C,C source signatures and no Java/C++-specific signature: C standard header; C stdio function,development,,,
2c25a4777407ba5fc8bc3417,C,C,CONFIRMED_C,C source signatures and no Java/C++-specific signature: C standard header; C stdio function,development,,,
2c2879819e90e13946cc53fd,C,C,CONFIRMED_C,C source signatures and no Java/C++-specific signature: C standard header; C stdio function,validation,,,
2c338e623fbb7624ad35a3c5,C,C,CONFIRMED_C,C source signatures and no Java/C++-specific signature: C standard header; C stdio function,development,,,
2c7f79a7dc2ad1bca989eae9,C,C,CONFIRMED_C,C source signatures and no Java/C++-specific signature: C standard header; C stdio function,test,,,c88a1409ac83aa614f1f8340
2cbc25bdffadc51cce1c1e0a,C,C,CONFIRMED_C,C source signatures and no Java/C++-specific signature: C standard header; C stdio function,validation,,,
2cc4be6cad8d2f017ebad97d,C,C,CONFIRMED_C,C source signatures and no Java/C++-specific signature: C standard header; C stdio function,development,,,
2e100699ddf1fd4bb846e1fc,C,C,CONFIRMED_C,C source signatures and no Java/C++-specific signature: C standard header; C stdio function,test,,,ebae19f10e328d75a9089ca7
2ec30a84619c6d6444de54bb,C,C,CONFIRMED_C,C source signatures and no Java/C++-specific signature: C standard header; C stdio function,development,,,
2ec3e0fd6703fc955c9adc85,C,C,CONFIRMED_C,C source signatures and no Java/C++-specific signature: C standard header; C stdio function,development,,,
2ef94d0d54fe05bd24f33114,C,C,CONFIRMED_C,C source signatures and no Java/C++-specific signature: C standard header; C stdio function,development,,,
2f1ad18f02243edd86013646,C,C++,NON_C_CPP,C++-only source signatures: C++ standard header; C++ namespace directive; C++ stream operator; C++ STL type,development,,,
2f98c2fe98ab00394bb9d04d,C,C,CONFIRMED_C,C source signatures and no Java/C++-specific signature: C standard header; C stdio function,development,,,
3083fced10218ce92e2d27a1,C,C,CONFIRMED_C,C source signatures and no Java/C++-specific signature: C standard header; C stdio function,development,,,
3227cbb2d6a884ed417af01f,C,C,CONFIRMED_C,C source signatures and no Java/C++-specific signature: C standard header; C stdio function,development,,,
32a91ba8ae654ecc87e0e3e8,C,C,CONFIRMED_C,C source signatures and no Java/C++-specific signature: C standard header; C stdio function,development,,,
32ad5d50d122947796e07a08,C,C,CONFIRMED_C,C source signatures and no Java/C++-specific signature: C standard header; C stdio function,development,,,
332c9d269a248dbaf64534b6,C,C,CONFIRMED_C,C source signatures and no Java/C++-specific signature: C standard header; C stdio function,test,,,
3362a5687900999d3af89093,C,C,CONFIRMED_C,C source signatures and no Java/C++-specific signature: C standard header; C stdio function,development,,,
34b59c94f07cc6a00f9b172c,C,C,CONFIRMED_C,C source signatures and no Java/C++-specific signature: C standard header; C stdio function,test,,,
34c6723768037b2b17aa0afa,C,C,CONFIRMED_C,C source signatures and no Java/C++-specific signature: C standard header; C stdio function,development,,,
3535e70824ecc2ca075aba68,C,Java,NON_C_JAVA,Java-only source signatures: Java class declaration; Java main signature; System output/input; Java Scanner,test,,,726478f13ad8e011c4a0cfa2
35a590e548c1f5cc6b28c57b,C,C,CONFIRMED_C,C source signatures and no Java/C++-specific signature: C standard header; C stdio function,test,,,
35b00f737e8fb09183f25ee5,C,C,CONFIRMED_C,C source signatures and no Java/C++-specific signature: C standard header; C stdio function,development,,,
37752f15f728a46a41216408,C,C,CONFIRMED_C,C source signatures and no Java/C++-specific signature: C standard header; C stdio function,validation,,,
37a2b151385a8a23a2dd204f,C,C,CONFIRMED_C,C source signatures and no Java/C++-specific signature: C standard header; C stdio function,development,,,
37b4fe59a0c1c4634c6f1f5f,C,C,CONFIRMED_C,C source signatures and no Java/C++-specific signature: C standard header; C stdio function,development,,,
37e0f87c828757649c7eb276,C,C,CONFIRMED_C,C source signatures and no Java/C++-specific signature: C standard header; C stdio function,validation,,,
37fc4153a48fc0c26c940984,C,C,CONFIRMED_C,C source signatures and no Java/C++-specific signature: C standard header; C stdio function,development,,,
381b99837df4e0e5c901bd97,C,C,CONFIRMED_C,C source signatures and no Java/C++-specific signature: C standard header; C stdio function,test,,,
3829d5f1fb87b205ad6e0198,C,C,CONFIRMED_C,C source signatures and no Java/C++-specific signature: C standard header; C stdio function,validation,,,
383708a6a1c824effc9a66b5,C,C,CONFIRMED_C,C source signatures and no Java/C++-specific signature: C standard header; C stdio function,development,,,
384fda74983858cc60ce1bdd,C,C,CONFIRMED_C,C source signatures and no Java/C++-specific signature: C standard header; C stdio function,development,,,
386d87ff0db087cc1dfa09ed,C,C,CONFIRMED_C,C source signatures and no Java/C++-specific signature: C standard header; C stdio function,development,,,
3887288b96ffd4cdb8570d73,C,C,CONFIRMED_C,C source signatures and no Java/C++-specific signature: C standard header; C stdio function,development,,,
389441a10813735b2faf34c2,C,C,CONFIRMED_C,C source signatures and no Java/C++-specific signature: C standard header; C stdio function,development,,,
38dc7e4483210ce976f32b69,C,C,CONFIRMED_C,C source signatures and no Java/C++-specific signature: C standard header; C stdio function,development,,,
396a03fc632473b6240f15af,C,C,CONFIRMED_C,C source signatures and no Java/C++-specific signature: C standard header; C stdio function,test,,,
39b0a30e7d287ccf582e708f,C,C,CONFIRMED_C,C source signatures and no Java/C++-specific signature: C standard header; C stdio function; C allocation function; C typedef/struct syntax,development,DEV_011,,
3a207157329a948dbb66bed7,C,C,CONFIRMED_C,C source signatures and no Java/C++-specific signature: C standard header; C stdio function,test,,,3ba19f7050464f6e9b717d67
3aa7b452109b2471438c1739,C,C,CONFIRMED_C,C source signatures and no Java/C++-specific signature: C standard header; C stdio function,test,,,
3aac9ade5e3cacfa5370715c,C,C,CONFIRMED_C,C source signatures and no Java/C++-specific signature: C standard header; C stdio function,validation,,CAL_015,
3aff1fd55ec05226e5b6a8a7,C,C,CONFIRMED_C,C source signatures and no Java/C++-specific signature: C standard header; C stdio function,development,,,
3b007518c9be9e6a4ae8ed46,C,C,CONFIRMED_C,C source signatures and no Java/C++-specific signature: C standard header; C stdio function,development,,,
3b2df3887bcf8255707ed8fd,C,C,CONFIRMED_C,C source signatures and no Java/C++-specific signature: C standard header; C stdio function,validation,,,
3b481d1a94f44596d20a693b,C,C,CONFIRMED_C,C source signatures and no Java/C++-specific signature: C standard header; C stdio function,development,,,
3b67e8f306b08e0fb7709a39,C,C,CONFIRMED_C,C source signatures and no Java/C++-specific signature: C standard header; C stdio function,development,,,
3bb76aac92634c66ab16a359,C,Java,NON_C_JAVA,Java-only source signatures: Java main signature; System output/input; Java Scanner; Java String type,test,,,
3bd8c87659492d3539de2baf,C,C,CONFIRMED_C,C source signatures and no Java/C++-specific signature: C standard header; C stdio function,development,,,
3c1500a2ac29553e4342b6ba,C,C,CONFIRMED_C,C source signatures and no Java/C++-specific signature: C standard header; C stdio function,validation,,,
3c19aa1d9e33c4eedbc778c9,C,C,CONFIRMED_C,C source signatures and no Java/C++-specific signature: C standard header; C stdio function,development,,,
3c593fc3ee0b61072e6e2175,C,C,CONFIRMED_C,C source signatures and no Java/C++-specific signature: C standard header; C stdio function,development,,,
3c8628b6914eadebe80c4bae,C,C,CONFIRMED_C,C source signatures and no Java/C++-specific signature: C standard header; C stdio function,test,,,
3ca7aa3b5f756bcea1124587,C,C,CONFIRMED_C,C source signatures and no Java/C++-specific signature: C standard header; C stdio function,development,,,
3ccd30ca98a6e77d8af5161e,C,C,CONFIRMED_C,C source signatures and no Java/C++-specific signature: C standard header; C stdio function,development,,,
3d21d7a7da3378caa8d74800,C,C,CONFIRMED_C,C source signatures and no Java/C++-specific signature: C standard header; C stdio function,development,,,
3d3881f0d7f75a6423b0fe02,C,C,CONFIRMED_C,C source signatures and no Java/C++-specific signature: C standard header; C stdio function,validation,,,
3d88e25ce0fa998b30c130f6,C,C,CONFIRMED_C,C source signatures and no Java/C++-specific signature: C standard header; C stdio function,development,,,
3d94967dc87cbe6180e5ffa4,C,Java,NON_C_JAVA,Java-only source signatures: Java main signature; System output/input; Java Scanner; Java String type,test,,,
3dc65e681dd51fb8a3d3d855,C,C,CONFIRMED_C,C source signatures and no Java/C++-specific signature: C standard header; C stdio function,development,,,
3def85fbf1113a40d3c94bd9,C,C,CONFIRMED_C,C source signatures and no Java/C++-specific signature: C standard header; C stdio function,development,,,
3e018d6d894bd79042d7eb02,C,C,CONFIRMED_C,C source signatures and no Java/C++-specific signature: C standard header; C stdio function,test,,,
3e07272408347acd0e0c149c,C,C,CONFIRMED_C,C source signatures and no Java/C++-specific signature: C standard header; C stdio function,development,,,
3ed772d39a3f7b69398d9e31,C,C,CONFIRMED_C,C source signatures and no Java/C++-specific signature: C standard header; C stdio function,development,,,
3ee42204f2078df05828fb8f,C,C,CONFIRMED_C,C source signatures and no Java/C++-specific signature: C standard header; C stdio function,development,,,
3f2ddf91076be0e51187f078,C,C,CONFIRMED_C,C source signatures and no Java/C++-specific signature: C standard header; C stdio function,development,,,
3f3dfe5845119488411d41eb,C,C,CONFIRMED_C,C source signatures and no Java/C++-specific signature: C standard header; C stdio function,development,,,
3fedb94e465b91b8309d952c,C,C,CONFIRMED_C,C source signatures and no Java/C++-specific signature: C standard header; C stdio function,validation,,,
4077d6aec99bb414d0893217,C,C,CONFIRMED_C,C source signatures and no Java/C++-specific signature: C standard header; C stdio function,development,,,
40977f200c4dfd7d1da5f484,C,C,CONFIRMED_C,C source signatures and no Java/C++-specific signature: C standard header; C stdio function,test,,,685cd67da8a0127b39ad9ce3
40b436b9016067f83356462f,C,C,CONFIRMED_C,C source signatures and no Java/C++-specific signature: C standard header; C stdio function,validation,,CAL_013,
4150e76e99a6dd6588a5eabf,C,C,CONFIRMED_C,C source signatures and no Java/C++-specific signature: C standard header; C stdio function,test,,,27b6098b142a0ba5a75f72c4
41bf630728c04f2a1b105f27,C,C,CONFIRMED_C,C source signatures and no Java/C++-specific signature: C standard header; C stdio function,development,,,
41fa0ec9367686c9c78c5689,C,C,CONFIRMED_C,C source signatures and no Java/C++-specific signature: C standard header; C stdio function,development,,,
42d481c10b29046be2474aaa,C,C,CONFIRMED_C,C source signatures and no Java/C++-specific signature: C standard header; C stdio function,test,,,4f8f67765c537a000e2f9cf0
42f2616488490934e73b96d2,C,C,CONFIRMED_C,C source signatures and no Java/C++-specific signature: C standard header; C stdio function,validation,,CAL_014,
432c515128b25247e4338d1a,C,C,CONFIRMED_C,C source signatures and no Java/C++-specific signature: C standard header; C stdio function,development,,,
435b89714ebec1e1ec3d79b5,C,C,CONFIRMED_C,C source signatures and no Java/C++-specific signature: C standard header; C stdio function,development,,,
4381483943822f3ffe565589,C,C,CONFIRMED_C,C source signatures and no Java/C++-specific signature: C standard header; C stdio function,test,,,3f6ffbeb8fbd9c132e0b3cc3
439537392c1abf349037f9f6,C,C,CONFIRMED_C,C source signatures and no Java/C++-specific signature: C standard header; C stdio function,validation,,,
441f2d1ea50f6d4b6b44d5ad,C,C,CONFIRMED_C,C source signatures and no Java/C++-specific signature: C standard header; C stdio function,development,,,
44f2f0425f6b34d9d4e54fc7,C,C,CONFIRMED_C,C source signatures and no Java/C++-specific signature: C standard header; C stdio function,validation,,,
453ee3512f8059dd8b90353d,C,C,CONFIRMED_C,C source signatures and no Java/C++-specific signature: C standard header; C stdio function,validation,,,
457bfcdecfc64f4e8f642add,C,C,CONFIRMED_C,C source signatures and no Java/C++-specific signature: C standard header; C stdio function,development,,,
459bf2601b3c50754ed1252f,C,C,CONFIRMED_C,C source signatures and no Java/C++-specific signature: C standard header; C stdio function,test,,,
46058cb5982c48146185e395,C,C,CONFIRMED_C,C source signatures and no Java/C++-specific signature: C standard header; C stdio function,development,,,
460a70c9101afaa951591342,C,C,CONFIRMED_C,C source signatures and no Java/C++-specific signature: C standard header; C stdio function,development,,,
46a49ed1abc2ced4360c9cac,C,C,CONFIRMED_C,C source signatures and no Java/C++-specific signature: C standard header; C stdio function,validation,,,
46ecf2926f67cc7f6013653e,C,C,CONFIRMED_C,C source signatures and no Java/C++-specific signature: C standard header; C stdio function,development,,,
472bcccd2cb00a74abe8e278,C,C++,NON_C_CPP,C++-only source signatures: C++ standard header; C++ namespace directive; C++ stream operator,development,,,
4783c2d5348a98cb43621c0e,C,C,CONFIRMED_C,C source signatures and no Java/C++-specific signature: C standard header; C stdio function,test,,,
482c19b517012303d570cd20,C,C,CONFIRMED_C,C source signatures and no Java/C++-specific signature: C standard header; C stdio function,validation,,,
4839bcdc7fc9c0ca6cbc7d8a,C,C,CONFIRMED_C,C source signatures and no Java/C++-specific signature: C standard header; C stdio function,development,,,
4903133495584ded730e3ae2,C,C,CONFIRMED_C,C source signatures and no Java/C++-specific signature: C standard header; C stdio function,development,,,
490f78424bd1d4f218c7465f,C,C,CONFIRMED_C,C source signatures and no Java/C++-specific signature: C standard header; C stdio function,validation,,,
494fd8720e77f2f82a5141c3,C,C,CONFIRMED_C,C source signatures and no Java/C++-specific signature: C standard header; C stdio function,validation,,,
496644f8238a0a2a53be464a,C,C,CONFIRMED_C,C source signatures and no Java/C++-specific signature: C standard header; C stdio function,development,,,
4a0a7b64a944c76362ed5d62,C,C,CONFIRMED_C,C source signatures and no Java/C++-specific signature: C standard header; C stdio function,development,DEV_036,,
4a2bb9b7007d6c0d64327a44,C,C,CONFIRMED_C,C source signatures and no Java/C++-specific signature: C standard header; C stdio function,validation,,,
4a53a3bccdd16a255305ada9,C,C,CONFIRMED_C,C source signatures and no Java/C++-specific signature: C standard header; C stdio function,development,,,
4a9307e12aef6094ec102aac,C,C,CONFIRMED_C,C source signatures and no Java/C++-specific signature: C standard header; C stdio function,development,,,
4ac8c296200e327ca1c92b32,C,C,CONFIRMED_C,C source signatures and no Java/C++-specific signature: C standard header; C stdio function,development,,,
4b18c674fde419abb114fc59,C,C,CONFIRMED_C,C source signatures and no Java/C++-specific signature: C standard header; C stdio function,test,,,
4b460c5ddaf58defddeb6785,C,C,CONFIRMED_C,C source signatures and no Java/C++-specific signature: C standard header; C stdio function,development,DEV_017,,
4b7364833275d11fa0a386f0,C,C,CONFIRMED_C,C source signatures and no Java/C++-specific signature: C standard header; C stdio function,test,,,
4bc065085fedd28337db62d5,C,C,CONFIRMED_C,C source signatures and no Java/C++-specific signature: C standard header; C stdio function,development,,,
4c1831c6318d2092f1dc662a,C,C,CONFIRMED_C,C source signatures and no Java/C++-specific signature: C standard header; C stdio function,development,,,
4c7f4bcb614f1807160e8411,C,C,CONFIRMED_C,C source signatures and no Java/C++-specific signature: C standard header; C stdio function,development,,,
4cff003b3192556b82ed4607,C,C,CONFIRMED_C,C source signatures and no Java/C++-specific signature: C standard header; C stdio function,development,,,
4d4ecc053a64feb99b0f0ae5,C,C,CONFIRMED_C,C source signatures and no Java/C++-specific signature: C standard header; C stdio function,validation,,,
4d544b784fa8fc44003aef62,C,C,CONFIRMED_C,C source signatures and no Java/C++-specific signature: C standard header; C stdio function,development,,,
4d59aee0c852b588497e911d,C,C,CONFIRMED_C,C source signatures and no Java/C++-specific signature: C standard header; C stdio function,development,,,
4d77dd0333f38a513121c7fa,C,C,CONFIRMED_C,C source signatures and no Java/C++-specific signature: C standard header; C stdio function,development,,,
4dbca962e0c9035a4b337967,C,C,CONFIRMED_C,C source signatures and no Java/C++-specific signature: C standard header; C stdio function,validation,,CAL_010,
4e0554afb1f2f3b35533f5aa,C,C,CONFIRMED_C,C source signatures and no Java/C++-specific signature: C standard header; C stdio function,validation,,,
4e2860457726050fbce903bd,C,C,CONFIRMED_C,C source signatures and no Java/C++-specific signature: C standard header; C stdio function,validation,,,
4e34b5bfe003e1934ca74455,C,C,CONFIRMED_C,C source signatures and no Java/C++-specific signature: C standard header; C stdio function; C sizeof operator,development,DEV_002,,
4e3dee3b65178ba7f9d93b84,C,C,CONFIRMED_C,C source signatures and no Java/C++-specific signature: C standard header; C stdio function,test,,,
4e7525b119765ae10e407fb1,C,C,CONFIRMED_C,C source signatures and no Java/C++-specific signature: C standard header; C stdio function,development,,,
4e93ed76858caedbfca21579,C,C,CONFIRMED_C,C source signatures and no Java/C++-specific signature: C standard header; C stdio function,development,,,
4ecada667a71f86e2118a53b,C,C,CONFIRMED_C,C source signatures and no Java/C++-specific signature: C standard header; C stdio function,development,,,
4f8562a2eb5f82cf2a18cea2,C,C,CONFIRMED_C,C source signatures and no Java/C++-specific signature: C standard header; C stdio function,development,,,
4fb9dc94c231813850e0f914,C,C,CONFIRMED_C,C source signatures and no Java/C++-specific signature: C standard header; C stdio function,validation,,,
504172cbe0367642914b3e3e,C,C,CONFIRMED_C,C source signatures and no Java/C++-specific signature: C standard header; C stdio function; C sizeof operator,validation,,CAL_001,
50476af848d35f3d0c34063b,C,C,CONFIRMED_C,C source signatures and no Java/C++-specific signature: C standard header; C stdio function,validation,,,
508ba22de3f0c64f795daeb7,C,C,CONFIRMED_C,C source signatures and no Java/C++-specific signature: C standard header; C stdio function,validation,,,
50a897b1017b26246996c843,C,C,CONFIRMED_C,C source signatures and no Java/C++-specific signature: C standard header; C stdio function,development,DEV_024,,
50c354f53d4cb51b093931f3,C,C,CONFIRMED_C,C source signatures and no Java/C++-specific signature: C standard header; C stdio function,validation,,CAL_008,
51954e071c4d42fb1536d81e,C,C,CONFIRMED_C,C source signatures and no Java/C++-specific signature: C standard header; C stdio function,test,,,
520d913b03ccee8552cbff2b,C,C,CONFIRMED_C,C source signatures and no Java/C++-specific signature: C standard header; C stdio function,test,,,
521e15554853c2423dece985,C,C,CONFIRMED_C,C source signatures and no Java/C++-specific signature: C standard header; C stdio function,development,,,
5259a39e43b11ef30c3639b7,C,C,CONFIRMED_C,C source signatures and no Java/C++-specific signature: C standard header; C stdio function,development,,,
5259cfb435f1eefdad53229f,C,C,CONFIRMED_C,C source signatures and no Java/C++-specific signature: C standard header; C stdio function,development,,,
529db744a747c7e577783b98,C,C,CONFIRMED_C,C source signatures and no Java/C++-specific signature: C standard header; C stdio function,development,,,
52bd40792945038166f60220,C,C,CONFIRMED_C,C source signatures and no Java/C++-specific signature: C standard header; C stdio function,development,,,
5335141880364c55fcbcfe38,C,C,CONFIRMED_C,C source signatures and no Java/C++-specific signature: C standard header; C stdio function,development,,,
53b5e457912a5f39eb889928,C,C,CONFIRMED_C,C source signatures and no Java/C++-specific signature: C standard header; C stdio function,validation,,,
53f4eb6bc8fa6fa50f08f945,C,C,CONFIRMED_C,C source signatures and no Java/C++-specific signature: C standard header; C stdio function,validation,,,
5426591c2ade4dab1c438229,C,C,CONFIRMED_C,C source signatures and no Java/C++-specific signature: C standard header; C stdio function,test,,,
5474d352c2d557913c2517d5,C,C,CONFIRMED_C,C source signatures and no Java/C++-specific signature: C standard header; C stdio function,development,,,
548103cdd2efe98643e1ab10,C,C,CONFIRMED_C,C source signatures and no Java/C++-specific signature: C standard header; C stdio function,validation,,,
5494ba101f93e7d39c8d783f,C,C,CONFIRMED_C,C source signatures and no Java/C++-specific signature: C standard header; C stdio function,development,,,
557e053c28cad954a61fff55,C,C,CONFIRMED_C,C source signatures and no Java/C++-specific signature: C standard header; C stdio function,test,,,0637d0023f5203aed00ba8a2
5594e81ccea6f2701e281f2d,C,C,CONFIRMED_C,C source signatures and no Java/C++-specific signature: C standard header; C stdio function,development,,,
55f4f4727c0df2eb2e529830,C,C,CONFIRMED_C,C source signatures and no Java/C++-specific signature: C standard header; C stdio function,test,,,4c14f03e0f19f97fd3a4361f
55f97d1173596f6326d45957,C,C,CONFIRMED_C,C source signatures and no Java/C++-specific signature: C standard header; C stdio function,development,,,
56548d339a2e6048e2a5d124,C,C,CONFIRMED_C,C source signatures and no Java/C++-specific signature: C standard header; C stdio function,development,,,
56594b8e2cafd6ef778a790c,C,C,CONFIRMED_C,C source signatures and no Java/C++-specific signature: C standard header; C stdio function,test,,,
570acc954cf3778fe417e4fa,C,C,CONFIRMED_C,C source signatures and no Java/C++-specific signature: C standard header; C stdio function,development,,,
5718f359da6b32809e4bc67c,C,C,CONFIRMED_C,C source signatures and no Java/C++-specific signature: C standard header; C stdio function,validation,,,
573b2d2ad4dae749787b7290,C,C,CONFIRMED_C,C source signatures and no Java/C++-specific signature: C standard header; C stdio function,development,DEV_009,,
577b7017004c4daf3c7d2f39,C,C,CONFIRMED_C,C source signatures and no Java/C++-specific signature: C standard header; C stdio function,development,,,
578aa64013e2fff97db5a500,C,C,CONFIRMED_C,C source signatures and no Java/C++-specific signature: C standard header; C stdio function,development,DEV_048,,
579bc05f8435712021b50002,C,C,CONFIRMED_C,C source signatures and no Java/C++-specific signature: C standard header; C stdio function; C allocation function; C typedef/struct syntax,development,,,
57d6a648871589dfa88351e9,C,C,CONFIRMED_C,C source signatures and no Java/C++-specific signature: C standard header; C stdio function,test,,,
583b8ca6aca23078ebe46efc,C,C,CONFIRMED_C,C source signatures and no Java/C++-specific signature: C standard header; C stdio function,development,,,
58416f90499f1a8185cee641,C,C,CONFIRMED_C,C source signatures and no Java/C++-specific signature: C standard header; C stdio function,test,,,
58ca15eef9316f22c809fd4c,C,C,CONFIRMED_C,C source signatures and no Java/C++-specific signature: C standard header; C stdio function,development,DEV_037,,
5901f3d11e1f00d7e387e606,C,C,CONFIRMED_C,C source signatures and no Java/C++-specific signature: C standard header; C stdio function,development,,,
5910243cbea0c2d34634ea1a,C,C,CONFIRMED_C,C source signatures and no Java/C++-specific signature: C standard header; C stdio function,development,,,
5938d00914b45e0b6b459234,C,C,CONFIRMED_C,C source signatures and no Java/C++-specific signature: C standard header; C stdio function,development,,,
5979509abe5d993efaee169f,C,C,CONFIRMED_C,C source signatures and no Java/C++-specific signature: C standard header; C stdio function,validation,,,
599e0a7bcd543754b2dce98a,C,C,CONFIRMED_C,C source signatures and no Java/C++-specific signature: C standard header; C stdio function,development,,,
59ad381effb06e11b03d74c5,C,C,CONFIRMED_C,C source signatures and no Java/C++-specific signature: C standard header; C stdio function,development,,,
59bd1ea84ec0414b3b7e533e,C,C,CONFIRMED_C,C source signatures and no Java/C++-specific signature: C standard header; C stdio function,validation,,,
59bda5b182faab372cbd416c,C,C,CONFIRMED_C,C source signatures and no Java/C++-specific signature: C standard header; C stdio function,development,,,
59dfab549d1c6ad368f08d33,C,C,CONFIRMED_C,C source signatures and no Java/C++-specific signature: C standard header; C stdio function,test,,,
5a16b9d915babc9f817ec285,C,C,CONFIRMED_C,C source signatures and no Java/C++-specific signature: C standard header; C stdio function,development,DEV_031,,
5a710870a6b3eacb74dbb7a2,C,C,CONFIRMED_C,C source signatures and no Java/C++-specific signature: C standard header; C stdio function,validation,,,
5a81af6dee852283fc10eedf,C,C,CONFIRMED_C,C source signatures and no Java/C++-specific signature: C standard header; C stdio function,development,,,
5af5eea7e1b6bf5792e4210f,C,C,CONFIRMED_C,C source signatures and no Java/C++-specific signature: C standard header; C stdio function,development,,,
5afb73e8dfb658e36b05e620,C,C,CONFIRMED_C,C source signatures and no Java/C++-specific signature: C standard header; C stdio function,validation,,,
5b2bc7e830f9969c88655f45,C,C,CONFIRMED_C,C source signatures and no Java/C++-specific signature: C standard header; C stdio function,validation,,,
5bc5436822b1896f15de9576,C,C,CONFIRMED_C,C source signatures and no Java/C++-specific signature: C standard header; C stdio function,development,,,
5c1d1151c3a0dc1fd7f179df,C,C,CONFIRMED_C,C source signatures and no Java/C++-specific signature: C standard header; C stdio function,development,,,
5c375d516067e25b68ecb958,C,C,CONFIRMED_C,C source signatures and no Java/C++-specific signature: C standard header; C stdio function,validation,,,
5c802d7431a21741c1c397f6,C,C,CONFIRMED_C,C source signatures and no Java/C++-specific signature: C standard header; C stdio function,development,,,
5cfa749a91b6fa4e22f8b7bc,C,C,CONFIRMED_C,C source signatures and no Java/C++-specific signature: C standard header; C stdio function,validation,,,
5d7d2b80b5c44315f5688dc4,C,C,CONFIRMED_C,C source signatures and no Java/C++-specific signature: C standard header; C stdio function,development,,,
5d831f81ab23c05cf04f2162,C,C,CONFIRMED_C,C source signatures and no Java/C++-specific signature: C standard header,development,,,
5e1a56ce10daf194af542ff2,C,Java,NON_C_JAVA,Java-only source signatures: Java class declaration; Java main signature; System output/input; Java Scanner,test,,,
5ea820386e7a14a9e0f34751,C,C,CONFIRMED_C,C source signatures and no Java/C++-specific signature: C standard header; C stdio function,development,,,
5f00e17dad6cdad320674783,C,C,CONFIRMED_C,C source signatures and no Java/C++-specific signature: C standard header; C stdio function,validation,,,
5f331cfc70215e1d789d3def,C,C,CONFIRMED_C,C source signatures and no Java/C++-specific signature: C standard header; C stdio function,validation,,,
5fa680a5c91b6f930536c6de,C,C,CONFIRMED_C,C source signatures and no Java/C++-specific signature: C standard header; C stdio function,development,,,
5fef4940fc9418d29db99f8e,C,C,CONFIRMED_C,C source signatures and no Java/C++-specific signature: C standard header; C stdio function,development,DEV_005,,
60463ee493f869a634a3ebe4,C,C,CONFIRMED_C,C source signatures and no Java/C++-specific signature: C standard header; C stdio function,development,,,
60476036689d04283c35ed02,C,C,CONFIRMED_C,C source signatures and no Java/C++-specific signature: C standard header; C stdio function,development,,,
60970029cfac22798141d29f,C,C,CONFIRMED_C,C source signatures and no Java/C++-specific signature: C standard header; C stdio function,development,,,
617cec871f02ac1b45730d30,C,C,CONFIRMED_C,C source signatures and no Java/C++-specific signature: C standard header; C stdio function,validation,,,
62378a9221da0a4cf060779e,C,C,CONFIRMED_C,C source signatures and no Java/C++-specific signature: C standard header; C stdio function,development,,,
6244dbf516db7a117315f3e1,C,C,CONFIRMED_C,C source signatures and no Java/C++-specific signature: C standard header; C stdio function,test,,,
625cbed41053e41dfd826ce1,C,C,CONFIRMED_C,C source signatures and no Java/C++-specific signature: C standard header; C stdio function,development,DEV_018,,
629faa080c290c9534b42217,C,C,CONFIRMED_C,C source signatures and no Java/C++-specific signature: C standard header; C stdio function,validation,,,
62a431163c72152c012271a8,C,C,CONFIRMED_C,C source signatures and no Java/C++-specific signature: C standard header; C stdio function,development,,,
63311055a49b10df9d29059c,C,C,CONFIRMED_C,C source signatures and no Java/C++-specific signature: C standard header; C stdio function,development,,,
6391e7bb3497393875f0271e,C,C,CONFIRMED_C,C source signatures and no Java/C++-specific signature: C standard header; C stdio function,development,,,
63baa49d71cec4671aa5f615,C,C,CONFIRMED_C,C source signatures and no Java/C++-specific signature: C standard header; C stdio function,development,,,
63ce01845da101f537637975,C,C,CONFIRMED_C,C source signatures and no Java/C++-specific signature: C standard header; C stdio function; C sizeof operator,development,,,
640a9f4983716dca36a5080e,C,C,CONFIRMED_C,C source signatures and no Java/C++-specific signature: C standard header; C stdio function,development,,,
649560abf62fb20afa1c6ab0,C,C,CONFIRMED_C,C source signatures and no Java/C++-specific signature: C standard header; C stdio function; C sizeof operator,development,,,
64fc2a9c47960cc017fb70ee,C,C,CONFIRMED_C,C source signatures and no Java/C++-specific signature: C standard header; C stdio function,test,,,
653f715332c7490370d534c2,C,C,CONFIRMED_C,C source signatures and no Java/C++-specific signature: C standard header; C stdio function,development,,,
6580a778e1225f97353efd18,C,C,CONFIRMED_C,C source signatures and no Java/C++-specific signature: C standard header; C stdio function,development,,,
6582bb7afa498547cf0d0229,C,C,CONFIRMED_C,C source signatures and no Java/C++-specific signature: C standard header; C stdio function,development,,,
658c02339afd37ab87dde61a,C,C,CONFIRMED_C,C source signatures and no Java/C++-specific signature: C standard header; C stdio function,development,,,
65af88de97e893e005377fa8,C,C,CONFIRMED_C,C source signatures and no Java/C++-specific signature: C standard header; C stdio function,test,,,4116d08d91eb7261baf9690d
6619759ec44bc9027d9ed98d,C,C,CONFIRMED_C,C source signatures and no Java/C++-specific signature: C standard header; C stdio function,development,,,
664f768a135084e54cc575a4,C,C,CONFIRMED_C,C source signatures and no Java/C++-specific signature: C standard header; C stdio function,validation,,,
665eb759931f9bf218a04377,C,C,CONFIRMED_C,C source signatures and no Java/C++-specific signature: C standard header; C stdio function,development,,,
666ec6916df343d16040be80,C,C,CONFIRMED_C,C source signatures and no Java/C++-specific signature: C standard header; C stdio function,development,,,
6693d9782dccab06a7027a0c,C,C,CONFIRMED_C,C source signatures and no Java/C++-specific signature: C standard header; C stdio function; C allocation function; C typedef/struct syntax,development,,,
66a98ae7437f8756e483c375,C,C,CONFIRMED_C,C source signatures and no Java/C++-specific signature: C standard header; C stdio function,development,,,
66ad9618e5c4d2b9771b702a,C,C,CONFIRMED_C,C source signatures and no Java/C++-specific signature: C standard header; C stdio function,test,,,
670f0d8bc640ec58b575081c,C,C,CONFIRMED_C,C source signatures and no Java/C++-specific signature: C standard header; C stdio function,development,,,
680c7e0fef1a5a2140f992ce,C,C,CONFIRMED_C,C source signatures and no Java/C++-specific signature: C standard header; C stdio function,development,,,
6860cc2269e315ade6e589cf,C,C,CONFIRMED_C,C source signatures and no Java/C++-specific signature: C standard header; C stdio function,development,,,
68cf9f19599f2b0a9b2d7182,C,C,CONFIRMED_C,C source signatures and no Java/C++-specific signature: C standard header; C stdio function,development,,,
69374f245ea147b4703e2166,C,C,CONFIRMED_C,C source signatures and no Java/C++-specific signature: C standard header; C stdio function,development,,,
6975343851df709f1a0c0b97,C,C,CONFIRMED_C,C source signatures and no Java/C++-specific signature: C standard header; C stdio function,test,,,44377de5bbe74e96871eff0a
69f1cf23739a3fde051f439c,C,C,CONFIRMED_C,C source signatures and no Java/C++-specific signature: C standard header; C stdio function,development,,,
69f8c66532024cac42296a2c,C,C,CONFIRMED_C,C source signatures and no Java/C++-specific signature: C standard header; C stdio function,development,,,
6a02e4d67c307ec2cb5d2b9b,C,C,CONFIRMED_C,C source signatures and no Java/C++-specific signature: C standard header; C stdio function,development,,,
6a120fce0973b801de90fe08,C,C,CONFIRMED_C,C source signatures and no Java/C++-specific signature: C standard header; C stdio function,validation,,,
6a3026e0da213088a77bcd63,C,C,CONFIRMED_C,C source signatures and no Java/C++-specific signature: C standard header; C stdio function,development,,,
6aebe228f3f6e5bb10dcc17c,C,C,CONFIRMED_C,C source signatures and no Java/C++-specific signature: C standard header; C stdio function,development,,,
6b1dc5c17a253a8e3d96a26a,C,C,CONFIRMED_C,C source signatures and no Java/C++-specific signature: C standard header; C stdio function; C allocation function; C typedef/struct syntax,development,,,
6ba6ac5b1515dce682adf17b,C,C,CONFIRMED_C,C source signatures and no Java/C++-specific signature: C standard header; C stdio function,development,,,
6bb640198aa876e33118d604,C,C,CONFIRMED_C,C source signatures and no Java/C++-specific signature: C standard header; C stdio function,validation,,,
6bc6867311ebc78f13583a3c,C,C,CONFIRMED_C,C source signatures and no Java/C++-specific signature: C standard header; C stdio function,development,,,
6bc801dccb70c336d366b188,C,C,CONFIRMED_C,C source signatures and no Java/C++-specific signature: C standard header; C stdio function,development,,,
6c1dc55d0c6c496e499f5e04,C,C,CONFIRMED_C,C source signatures and no Java/C++-specific signature: C standard header; C stdio function,development,,,
6c50ffc79f5b1db4acf88b06,C,C,CONFIRMED_C,C source signatures and no Java/C++-specific signature: C standard header; C stdio function,development,,,
6d17fc662ccd6352dfe244b5,C,C,CONFIRMED_C,C source signatures and no Java/C++-specific signature: C standard header; C stdio function,development,,,
6d1d4a4714d33c9fe17cfa64,C,C,CONFIRMED_C,C source signatures and no Java/C++-specific signature: C standard header; C stdio function,development,,,
6dae76cb9a78951aff9fb3c0,C,C,CONFIRMED_C,C source signatures and no Java/C++-specific signature: C standard header; C stdio function,development,,,
6dbba0b65d0e032ee1c4032b,C,C,CONFIRMED_C,C source signatures and no Java/C++-specific signature: C standard header; C stdio function,development,,,
6dc598407a945e2115c2aa93,C,C,CONFIRMED_C,C source signatures and no Java/C++-specific signature: C standard header; C stdio function,test,,,
6dcbcec39d9c6e8098a0d989,C,C,CONFIRMED_C,C source signatures and no Java/C++-specific signature: C standard header; C stdio function,validation,,,
6e6f81f29e16ffdd38796ffd,C,C,CONFIRMED_C,C source signatures and no Java/C++-specific signature: C standard header; C stdio function,development,,,
6e9f90b991d9d0c135fd9619,C,C,CONFIRMED_C,C source signatures and no Java/C++-specific signature: C standard header; C stdio function,development,,,
6f4d742337dd204abd28c367,C,C,CONFIRMED_C,C source signatures and no Java/C++-specific signature: C standard header; C stdio function,development,,,
6f69456ac8ec5c4b1639f8fb,C,C,CONFIRMED_C,C source signatures and no Java/C++-specific signature: C standard header; C stdio function,validation,,CAL_019,
6fa9fee1b0c4d4047b85a60b,C,C,CONFIRMED_C,C source signatures and no Java/C++-specific signature: C standard header; C stdio function,development,,,
708bf0a88dca0d1e21166d5e,C,C,CONFIRMED_C,C source signatures and no Java/C++-specific signature: C standard header; C stdio function,test,,,
709455ea294277b652202028,C,C,CONFIRMED_C,C source signatures and no Java/C++-specific signature: C standard header; C stdio function,test,,,
70aba1a97752b21abcbbae46,C,C,CONFIRMED_C,C source signatures and no Java/C++-specific signature: C standard header; C stdio function,development,,,
70b023cace6d00dcc1fa238c,C,C,CONFIRMED_C,C source signatures and no Java/C++-specific signature: C standard header; C stdio function,development,,,
7115207e30c0bc13fbacbc62,C,C,CONFIRMED_C,C source signatures and no Java/C++-specific signature: C standard header; C stdio function,development,,,
7132b2eb8b980d047a64db1d,C,C,CONFIRMED_C,C source signatures and no Java/C++-specific signature: C standard header; C stdio function,test,,,
716deb9a1da869dfb5ba98c9,C,C,CONFIRMED_C,C source signatures and no Java/C++-specific signature: C standard header; C stdio function,test,,,
7175b67d2b14c5a711017c91,C,C++,NON_C_CPP,C++-only source signatures: C++ standard header; C++ namespace directive; C++ stream operator,test,,,bda05da230eecfb67fa3a104
7214804fa1f002827d4ff379,C,C,CONFIRMED_C,C source signatures and no Java/C++-specific signature: C standard header; C stdio function,development,,,
721ee333180d4d64d653f0f9,C,C,CONFIRMED_C,C source signatures and no Java/C++-specific signature: C standard header; C stdio function,development,,,
7249f22abee3224599bc1da9,C,C,CONFIRMED_C,C source signatures and no Java/C++-specific signature: C standard header; C stdio function; C allocation function; C typedef/struct syntax,development,,,
726bd3e24c985232bfceb89c,C,C,CONFIRMED_C,C source signatures and no Java/C++-specific signature: C standard header; C stdio function,development,,,
733e19db06f125bfad852666,C,C,CONFIRMED_C,C source signatures and no Java/C++-specific signature: C standard header; C stdio function,validation,,,
73b44b87977182089f687a48,C,C,CONFIRMED_C,C source signatures and no Java/C++-specific signature: C standard header; C stdio function,validation,,,
73bdc07403a65b53cf41ad7d,C,C,CONFIRMED_C,C source signatures and no Java/C++-specific signature: C standard header; C stdio function,development,,,
73bfad23acbd9ec68a8bcff9,C,C,CONFIRMED_C,C source signatures and no Java/C++-specific signature: C standard header; C stdio function,development,,,
73e01e4b3892a4330342505c,C,C,CONFIRMED_C,C source signatures and no Java/C++-specific signature: C standard header; C stdio function,development,,,
740f663acec57e697349638f,C,C,CONFIRMED_C,C source signatures and no Java/C++-specific signature: C standard header; C stdio function; C allocation function; C typedef/struct syntax,development,,,
749542e33050bc0e7be68698,C,C,CONFIRMED_C,C source signatures and no Java/C++-specific signature: C standard header; C stdio function,development,,,
74d552699955221571041f59,C,C,CONFIRMED_C,C source signatures and no Java/C++-specific signature: C standard header; C stdio function,development,DEV_007,,
74f61a2fbdc0768200a83a7c,C,C,CONFIRMED_C,C source signatures and no Java/C++-specific signature: C standard header; C stdio function,development,,,
7546e6e26ec9f086d606baec,C,C,CONFIRMED_C,C source signatures and no Java/C++-specific signature: C standard header; C stdio function,validation,,,
7594209a739186b603e782e1,C,C,CONFIRMED_C,C source signatures and no Java/C++-specific signature: C standard header; C stdio function,development,,,
7644fc5f8c113d8e74dac3ea,C,C,CONFIRMED_C,C source signatures and no Java/C++-specific signature: C standard header; C stdio function,development,,,
766c76c9c3521a3de9b7291f,C,C,CONFIRMED_C,C source signatures and no Java/C++-specific signature: C standard header; C stdio function,development,,,
7697bbd5cece9f426fe5b1f7,C,C,CONFIRMED_C,C source signatures and no Java/C++-specific signature: C standard header; C stdio function,test,,,aac92680b8b6ccb9185de748
76b4e658d6f28ecf29861c58,C,C,CONFIRMED_C,C source signatures and no Java/C++-specific signature: C standard header; C stdio function,validation,,,
7729ba198618233fb4f8b505,C,C,CONFIRMED_C,C source signatures and no Java/C++-specific signature: C standard header; C stdio function,development,,,
77356478404e4b89fca024df,C,C,CONFIRMED_C,C source signatures and no Java/C++-specific signature: C standard header; C stdio function,development,,,
775717106dbe739f5fb7348c,C,C,CONFIRMED_C,C source signatures and no Java/C++-specific signature: C standard header; C stdio function; C sizeof operator,validation,,,
7799f2b7497bb3b11864d1e6,C,C,CONFIRMED_C,C source signatures and no Java/C++-specific signature: C standard header; C stdio function,validation,,,
77cf9d3e483df7485c59f1d7,C,C,CONFIRMED_C,C source signatures and no Java/C++-specific signature: C standard header; C stdio function,test,,,
77fde8ecada3d4ed9c0943d2,C,C,CONFIRMED_C,C source signatures and no Java/C++-specific signature: C standard header; C stdio function,test,,,
784e69dfe6264dd2bf4c94df,C,C,CONFIRMED_C,C source signatures and no Java/C++-specific signature: C standard header; C stdio function,validation,,,
7883f30ea6c61d9221e1b65b,C,C,CONFIRMED_C,C source signatures and no Java/C++-specific signature: C standard header; C stdio function,development,,,
789b65213ae8ee5ce5af0a20,C,C,CONFIRMED_C,C source signatures and no Java/C++-specific signature: C standard header; C stdio function,development,,,
789f6a926dfb6061db6d4c64,C,C,CONFIRMED_C,C source signatures and no Java/C++-specific signature: C standard header; C stdio function,development,,,
78c65540121060be44a3e91d,C,C,CONFIRMED_C,C source signatures and no Java/C++-specific signature: C standard header; C stdio function,validation,,CAL_012,
79181c6d8c90ba01164e6fa0,C,C,CONFIRMED_C,C source signatures and no Java/C++-specific signature: C standard header; C stdio function; C sizeof operator,validation,,,
7941b6f1f9f93575700a3940,C,C,CONFIRMED_C,C source signatures and no Java/C++-specific signature: C standard header; C stdio function; C sizeof operator,development,DEV_006,,
79777952c061bd1d98a3dc1a,C,C,CONFIRMED_C,C source signatures and no Java/C++-specific signature: C standard header; C stdio function,validation,,,
7a2ad45a744acab00a8f402f,C,C,CONFIRMED_C,C source signatures and no Java/C++-specific signature: C standard header; C stdio function,development,,,
7a3bcd0deb441b9b7d1aa353,C,C,CONFIRMED_C,C source signatures and no Java/C++-specific signature: C standard header; C stdio function,test,,,
7a6498ff8b8d32f4d4596859,C,C,CONFIRMED_C,C source signatures and no Java/C++-specific signature: C standard header; C stdio function,development,,,
7a84562bb1a8a0c3b7f2dd6a,C,C,CONFIRMED_C,C source signatures and no Java/C++-specific signature: C standard header; C stdio function,development,,,
7ac7cfe341dd3935422030c1,C,C,CONFIRMED_C,C source signatures and no Java/C++-specific signature: C standard header; C stdio function,test,,,6c6f063eeba70dbf29bae2f7
7b282246dd4d284c5e95841e,C,C,CONFIRMED_C,C source signatures and no Java/C++-specific signature: C standard header; C stdio function,test,,,
7b2a7dcc755a1125dfadf0b5,C,C,CONFIRMED_C,C source signatures and no Java/C++-specific signature: C standard header; C stdio function,development,,,
7b67e52e4b779b82e8df6a39,C,C,CONFIRMED_C,C source signatures and no Java/C++-specific signature: C standard header; C stdio function,development,,,
7bb32fe0c1190f0f9f3b892f,C,C,CONFIRMED_C,C source signatures and no Java/C++-specific signature: C standard header; C stdio function,development,,,
7bce712cda442bde1a300fd5,C,C,CONFIRMED_C,C source signatures and no Java/C++-specific signature: C standard header; C stdio function,development,,,
7c00c15d97becc74915c32e3,C,C++,NON_C_CPP,C++-only source signatures: C++ standard header; C++ namespace directive; C++ stream operator; C++ nullptr type,development,,,
7c35aeaea2dc0ee3c18e3f60,C,C,CONFIRMED_C,C source signatures and no Java/C++-specific signature: C standard header; C stdio function,development,,,
7c909d337c8400da3570ca21,C,C,CONFIRMED_C,C source signatures and no Java/C++-specific signature: C standard header; C stdio function; C allocation function; C typedef/struct syntax,development,,,
7ce52ed35f864aa2bbe36562,C,C,CONFIRMED_C,C source signatures and no Java/C++-specific signature: C standard header; C stdio function,test,,,b8df1eb5b21229d5c85896af
7d84cc336d6722293fa06a48,C,C,CONFIRMED_C,C source signatures and no Java/C++-specific signature: C standard header; C stdio function,test,,,
7d94a6cde9c5e3f266f66524,C,C,CONFIRMED_C,C source signatures and no Java/C++-specific signature: C standard header; C stdio function,validation,,,
7da6a84dc20ecac05055c3e4,C,C,CONFIRMED_C,C source signatures and no Java/C++-specific signature: C standard header; C stdio function,development,,,
7dba3b8cbf9fc486580a1830,C,C,CONFIRMED_C,C source signatures and no Java/C++-specific signature: C standard header; C stdio function,development,,,
7de5d3811cdb65306fd510bb,C,C,CONFIRMED_C,C source signatures and no Java/C++-specific signature: C standard header; C stdio function,development,,,
7e2060f571a4b538e6f7563c,C,C,CONFIRMED_C,C source signatures and no Java/C++-specific signature: C standard header; C stdio function,development,,,
7ee0623d78a64de92dfd482b,C,C,CONFIRMED_C,C source signatures and no Java/C++-specific signature: C standard header; C stdio function,validation,,,
7ee61f82c993b36df58432ba,C,C,CONFIRMED_C,C source signatures and no Java/C++-specific signature: C standard header; C stdio function,development,,,
7f2e2127a404364fbaf1dd57,C,C,CONFIRMED_C,C source signatures and no Java/C++-specific signature: C standard header; C stdio function,test,,,0f642e6dbad0a1ea62e45c59
7ffe77f48e1f7ae1d108d815,C,C,CONFIRMED_C,C source signatures and no Java/C++-specific signature: C standard header; C stdio function,development,,,
8033cdbf91339d76130a7fd9,C,C,CONFIRMED_C,C source signatures and no Java/C++-specific signature: C standard header; C stdio function,test,,,16f0e30806c9d6dfc6df695b
8096ada84d3abfad5b8954d9,C,C,CONFIRMED_C,C source signatures and no Java/C++-specific signature: C standard header; C stdio function,validation,,,
80cb57c1fec2406b3c73f5a3,C,C,CONFIRMED_C,C source signatures and no Java/C++-specific signature: C standard header; C stdio function,test,,,
810ef6d7f22aa4f4d0539b99,C,C,CONFIRMED_C,C source signatures and no Java/C++-specific signature: C standard header; C stdio function,development,DEV_044,,
81a9ca48f1c18738430906f7,C,C,CONFIRMED_C,C source signatures and no Java/C++-specific signature: C standard header; C stdio function,test,,,
81d69e4c908991bd90370f33,C,C,CONFIRMED_C,C source signatures and no Java/C++-specific signature: C standard header; C stdio function,development,,,
81e7822d1c283a622f496d4f,C,C,CONFIRMED_C,C source signatures and no Java/C++-specific signature: C standard header; C stdio function,test,,,7ea21ddc7d26eeb29af923e9
8265916d5dd701bfa8e08343,C,C,CONFIRMED_C,C source signatures and no Java/C++-specific signature: C standard header; C stdio function,development,,,
8271fce1018c2c289c48f3fd,C,C,CONFIRMED_C,C source signatures and no Java/C++-specific signature: C standard header; C stdio function,development,,,
82934383bc962504b693b1c3,C,C,CONFIRMED_C,C source signatures and no Java/C++-specific signature: C standard header; C stdio function,test,,,cb09e761a61340a77fb298e3
8295625339f3dad4c05dbea2,C,C,CONFIRMED_C,C source signatures and no Java/C++-specific signature: C standard header; C stdio function,test,,,7e5985f9547fec95e0fb5878
82ec82120b0187ae6ece31e3,C,C,CONFIRMED_C,C source signatures and no Java/C++-specific signature: C standard header; C stdio function,test,,,
8332a3277f4dc0c6be0f1c14,C,C,CONFIRMED_C,C source signatures and no Java/C++-specific signature: C standard header; C stdio function,development,,,
8364c693a204b1cdb29de7af,C,C,CONFIRMED_C,C source signatures and no Java/C++-specific signature: C standard header; C stdio function,development,,,
83b44cf747b6ac2eef2f33f6,C,C,CONFIRMED_C,C source signatures and no Java/C++-specific signature: C standard header; C stdio function,test,,,
840eeb06387a3c0f12595ed1,C,C,CONFIRMED_C,C source signatures and no Java/C++-specific signature: C standard header; C stdio function,validation,,,
843c7e3f42db3e7602f88672,C,C,CONFIRMED_C,C source signatures and no Java/C++-specific signature: C standard header; C stdio function,development,,,
843fd1c43df8e28a4516a72c,C,C,CONFIRMED_C,C source signatures and no Java/C++-specific signature: C standard header; C stdio function,development,DEV_022,,
84636131d9c21a99a73a05ea,C,C,CONFIRMED_C,C source signatures and no Java/C++-specific signature: C standard header; C stdio function,development,,,
847e7f6028c0d772140508eb,C,C,CONFIRMED_C,C source signatures and no Java/C++-specific signature: C standard header; C stdio function,development,,,
84e5dec1257381caf0e39983,C,C,CONFIRMED_C,C source signatures and no Java/C++-specific signature: C standard header; C stdio function,development,DEV_015,,
8505cb41c1cb93b3032debb9,C,C,CONFIRMED_C,C source signatures and no Java/C++-specific signature: C standard header; C stdio function,development,DEV_016,,
851e9722ebea9acba5e2a4d2,C,C,CONFIRMED_C,C source signatures and no Java/C++-specific signature: C standard header; C stdio function,development,,,
852ebbf061811bfe96fd777e,C,C,CONFIRMED_C,C source signatures and no Java/C++-specific signature: C standard header; C stdio function,test,,,
856232b2b78dc1e606372fef,C,C,CONFIRMED_C,C source signatures and no Java/C++-specific signature: C standard header; C stdio function,development,,,
85623c1ed986617e632e8767,C,C,CONFIRMED_C,C source signatures and no Java/C++-specific signature: C standard header; C stdio function,development,,,
85c1eb0936cb47b208e81fb1,C,C,CONFIRMED_C,C source signatures and no Java/C++-specific signature: C standard header; C stdio function,development,,,
85d1d77bca56d3e0b82f0168,C,C,CONFIRMED_C,C source signatures and no Java/C++-specific signature: C standard header; C stdio function,development,,,
85d752f7c98e01abac598280,C,C,CONFIRMED_C,C source signatures and no Java/C++-specific signature: C standard header; C stdio function,development,,,
8623b28561d2fae7d4b58ca6,C,C,CONFIRMED_C,C source signatures and no Java/C++-specific signature: C standard header; C stdio function,test,,,
8630cfc60c76d725a06ff86e,C,C,CONFIRMED_C,C source signatures and no Java/C++-specific signature: C standard header; C stdio function,test,,,
866eab8c13f72b166504faac,C,C,CONFIRMED_C,C source signatures and no Java/C++-specific signature: C standard header; C stdio function; C allocation function; C typedef/struct syntax,development,,,
86ad78862b6722f6842a0ee0,C,C,CONFIRMED_C,C source signatures and no Java/C++-specific signature: C standard header; C stdio function,development,,,
8724dde23409e53fe6381815,C,C,CONFIRMED_C,C source signatures and no Java/C++-specific signature: C standard header; C stdio function,test,,,b1b48fc116bd7550bfb25d8b
8728eb14ea63f0dd71a8552c,C,C,CONFIRMED_C,C source signatures and no Java/C++-specific signature: C standard header; C stdio function,development,,,
87b7cec7dc95114b1b551316,C,C,CONFIRMED_C,C source signatures and no Java/C++-specific signature: C standard header; C stdio function,development,,,
88081a00f2a1ff499071e92c,C,C,CONFIRMED_C,C source signatures and no Java/C++-specific signature: C standard header; C stdio function,test,,,
88b74d9e8dec012cc91fa2c7,C,C,CONFIRMED_C,C source signatures and no Java/C++-specific signature: C standard header; C stdio function,validation,,,
89221520638d45ede249da7b,C,C,CONFIRMED_C,C source signatures and no Java/C++-specific signature: C standard header; C stdio function,development,,,
892d1e352e1181c8008a95a6,C,C,CONFIRMED_C,C source signatures and no Java/C++-specific signature: C standard header; C stdio function,development,,,
8983aa19ede94d2d6c4ac060,C,C,CONFIRMED_C,C source signatures and no Java/C++-specific signature: C standard header; C stdio function,validation,,,
89847d7e69db213e2b756d65,C,C,CONFIRMED_C,C source signatures and no Java/C++-specific signature: C standard header; C stdio function,validation,,,
89a7d9fc9468f3fbc42a72ec,C,C,CONFIRMED_C,C source signatures and no Java/C++-specific signature: C standard header; C stdio function,validation,,,
89b26caba83f6421ab8f7ed0,C,C++,NON_C_CPP,C++-only source signatures: C++ standard header; C++ namespace directive,validation,,,
89e5ca4302852d6b4c238371,C,C,CONFIRMED_C,C source signatures and no Java/C++-specific signature: C standard header; C stdio function,validation,,,
89e758df234b407ee1619c2b,C,C,CONFIRMED_C,C source signatures and no Java/C++-specific signature: C standard header; C stdio function,test,,,
8a6c0f3be537c6c573b1afe5,C,C,CONFIRMED_C,C source signatures and no Java/C++-specific signature: C standard header; C stdio function,development,,,
8a769d42f265922f72d9424b,C,C,CONFIRMED_C,C source signatures and no Java/C++-specific signature: C standard header; C stdio function,development,,,
8afb328ea932041f3f142167,C,C,CONFIRMED_C,C source signatures and no Java/C++-specific signature: C standard header; C stdio function,development,,,
8b37f50d668440809a489ffa,C,C,CONFIRMED_C,C source signatures and no Java/C++-specific signature: C standard header; C stdio function,development,,,
8b53445f0cd427bb2afcf3e7,C,C,CONFIRMED_C,C source signatures and no Java/C++-specific signature: C standard header; C stdio function,development,,,
8ba6a4d272e37d87c682d506,C,C,CONFIRMED_C,C source signatures and no Java/C++-specific signature: C standard header; C stdio function,development,,,
8bb33479ce2dc69689617b94,C,C,CONFIRMED_C,C source signatures and no Java/C++-specific signature: C standard header; C stdio function,test,,,
8bc438f22cbddf7e2ce2792b,C,C,CONFIRMED_C,C source signatures and no Java/C++-specific signature: C standard header; C stdio function,development,,,
8c10c631d8ae9d12afdaeba4,C,C,CONFIRMED_C,C source signatures and no Java/C++-specific signature: C standard header; C stdio function,development,,,
8c624af113fe5521f355eb7f,C,C,CONFIRMED_C,C source signatures and no Java/C++-specific signature: C standard header; C stdio function,development,,,
8c87e6d24acbf7e47fe607a2,C,C,CONFIRMED_C,C source signatures and no Java/C++-specific signature: C standard header; C stdio function,development,,,
8c88dd1a37d5ed1e2ec0cdc6,C,C,CONFIRMED_C,C source signatures and no Java/C++-specific signature: C standard header; C stdio function,development,,,
8cc213c4fd37975c6bc21afb,C,C,CONFIRMED_C,C source signatures and no Java/C++-specific signature: C standard header; C stdio function,test,,,
8d9c2ae0587178dc5eb8e421,C,C,CONFIRMED_C,C source signatures and no Java/C++-specific signature: C standard header; C stdio function,development,,,
8e8aa63c0a3c4182bfb37837,C,C,CONFIRMED_C,C source signatures and no Java/C++-specific signature: C standard header; C stdio function,development,,,
8ec77c0a787617efc476acc9,C,C,CONFIRMED_C,C source signatures and no Java/C++-specific signature: C standard header; C stdio function,validation,,,
8fab4ebc8ccab5a04db91207,C,C,CONFIRMED_C,C source signatures and no Java/C++-specific signature: C standard header; C stdio function,development,,,
90751f70892c55385c74c980,C,C,CONFIRMED_C,C source signatures and no Java/C++-specific signature: C standard header; C stdio function,development,,,
9095030e061c017c0a615916,C,C,CONFIRMED_C,C source signatures and no Java/C++-specific signature: C standard header; C stdio function,test,,,bdf04cfc9ef448458e7d7ab7
909fbd8f3631a1dc61b130f7,C,C,CONFIRMED_C,C source signatures and no Java/C++-specific signature: C standard header; C stdio function,test,,,
90baa92ded245b51663658e1,C,C,CONFIRMED_C,C source signatures and no Java/C++-specific signature: C standard header; C stdio function,development,,,
90dbf59eb688a1f03f1ec61c,C,C,CONFIRMED_C,C source signatures and no Java/C++-specific signature: C standard header; C stdio function,test,,,
910a1107edc092a31f33eac5,C,C,CONFIRMED_C,C source signatures and no Java/C++-specific signature: C standard header; C stdio function,validation,,,
913db53002144a07abd4e61a,C,C,CONFIRMED_C,C source signatures and no Java/C++-specific signature: C standard header; C stdio function,test,,,
915700df68554ff734e89c02,C,C,CONFIRMED_C,C source signatures and no Java/C++-specific signature: C standard header; C stdio function,development,DEV_004,,
916f902c7806ebe408f1e597,C,C,CONFIRMED_C,C source signatures and no Java/C++-specific signature: C standard header; C stdio function,development,,,
91c086009b8f1f1954b013ee,C,C,CONFIRMED_C,C source signatures and no Java/C++-specific signature: C standard header; C stdio function,development,,,
91f463781a492b45d8fae257,C,C,CONFIRMED_C,C source signatures and no Java/C++-specific signature: C standard header; C stdio function,validation,,,
926280647f864331f34c1900,C,C,CONFIRMED_C,C source signatures and no Java/C++-specific signature: C standard header; C stdio function,validation,,CAL_005,
92c8320d2a62bb0ba280d450,C,C,CONFIRMED_C,C source signatures and no Java/C++-specific signature: C standard header; C stdio function,development,DEV_025,,
930794cbd37c09b95661d92f,C,C,CONFIRMED_C,C source signatures and no Java/C++-specific signature: C standard header; C stdio function,development,,,
9326756fc9f4bf2711a20d92,C,C,CONFIRMED_C,C source signatures and no Java/C++-specific signature: C standard header; C stdio function,development,,,
932e7777ad943b4a14a28f20,C,C,CONFIRMED_C,C source signatures and no Java/C++-specific signature: C standard header; C stdio function,development,,,
93794f6ac662d78be9de0c9a,C,C,CONFIRMED_C,C source signatures and no Java/C++-specific signature: C standard header; C stdio function,validation,,,
938cd70f6c2e3d7f0e121e0d,C,C,CONFIRMED_C,C source signatures and no Java/C++-specific signature: C standard header; C stdio function,test,,,
9395ace0eaec64aa34cb6459,C,C,CONFIRMED_C,C source signatures and no Java/C++-specific signature: C standard header; C stdio function,test,,,
93bb1987ea3536f7721a8b98,C,C,CONFIRMED_C,C source signatures and no Java/C++-specific signature: C standard header; C stdio function,test,,,
9437f6c89ca70c9766c771f9,C,C,CONFIRMED_C,C source signatures and no Java/C++-specific signature: C standard header; C stdio function,validation,,,
94cdee5539eb363724b94daa,C,C,CONFIRMED_C,C source signatures and no Java/C++-specific signature: C standard header; C stdio function,development,,,
95004e44a6bbeec98c69f340,C,C,CONFIRMED_C,C source signatures and no Java/C++-specific signature: C standard header; C stdio function,development,,,
957fd1a1a18a494d4b31826a,C,C,CONFIRMED_C,C source signatures and no Java/C++-specific signature: C standard header; C stdio function,development,,,
95a1d64890d4d1e8d6ae3e17,C,C,CONFIRMED_C,C source signatures and no Java/C++-specific signature: C standard header; C stdio function,test,,,
95c62d8444c39ad9335dee18,C,C,CONFIRMED_C,C source signatures and no Java/C++-specific signature: C standard header; C stdio function,development,,,
95f46db18e01f09f4b01a86f,C,C,CONFIRMED_C,C source signatures and no Java/C++-specific signature: C standard header; C stdio function,development,DEV_045,,
95ffdd502ae2f4e8b5190dc2,C,C,CONFIRMED_C,C source signatures and no Java/C++-specific signature: C standard header; C stdio function,development,,,
9630ef3e7ec081a06cad3251,C,C,CONFIRMED_C,C source signatures and no Java/C++-specific signature: C standard header; C stdio function,test,,,
96759d3a04f5f105771c5d86,C,C,CONFIRMED_C,C source signatures and no Java/C++-specific signature: C standard header; C stdio function,development,,,
96a77b12d00f1d9bbbbb36ea,C,C,CONFIRMED_C,C source signatures and no Java/C++-specific signature: C standard header; C stdio function,validation,,,
96c166aecbe6a2062cef229b,C,C,CONFIRMED_C,C source signatures and no Java/C++-specific signature: C standard header; C stdio function,validation,,,
96c36b38c3da9ee77b035039,C,C,CONFIRMED_C,C source signatures and no Java/C++-specific signature: C standard header; C stdio function,test,,,
96e13c02b8e37953427fca0a,C,C,CONFIRMED_C,C source signatures and no Java/C++-specific signature: C standard header; C stdio function,development,,,
970147da7675947139b9ba5a,C,C,CONFIRMED_C,C source signatures and no Java/C++-specific signature: C standard header; C stdio function; C sizeof operator,validation,,,
975988e9edbc515568029d78,C,C,CONFIRMED_C,C source signatures and no Java/C++-specific signature: C standard header; C stdio function,test,,,
982eb13029e77a039a926aa5,C,C,CONFIRMED_C,C source signatures and no Java/C++-specific signature: C standard header; C stdio function,validation,,,
98580930cacd90ada0aba8a9,C,C,CONFIRMED_C,C source signatures and no Java/C++-specific signature: C standard header; C stdio function,development,,,
9858576d9810c26530568251,C,C,CONFIRMED_C,C source signatures and no Java/C++-specific signature: C standard header; C stdio function,test,,,
985d8d0de4fe508350dfef4d,C,C,CONFIRMED_C,C source signatures and no Java/C++-specific signature: C standard header; C stdio function,development,,,
98aaa276a28d4618559cf201,C,C,CONFIRMED_C,C source signatures and no Java/C++-specific signature: C standard header; C stdio function,validation,,CAL_011,
9916385fa4c048f2a72430f0,C,AMBIGUOUS,AMBIGUOUS,conflicting Java and C++ source signatures: Java class declaration; C++ standard header; C++ namespace directive; C++ stream operator,development,,,
99288531d79071c80dd0b477,C,C,CONFIRMED_C,C source signatures and no Java/C++-specific signature: C standard header; C stdio function,test,,,
999c9b21f4648c00fd9e1fb8,C,C,CONFIRMED_C,C source signatures and no Java/C++-specific signature: C standard header; C stdio function,test,,,
99a454562020bd1534095b44,C,C,CONFIRMED_C,C source signatures and no Java/C++-specific signature: C standard header; C stdio function,development,,,
99e657f48f1abdc012296de4,C,C,CONFIRMED_C,C source signatures and no Java/C++-specific signature: C standard header; C stdio function,development,DEV_019,,
9ac0ba6f00571383e46b1bc8,C,C,CONFIRMED_C,C source signatures and no Java/C++-specific signature: C standard header; C stdio function,test,,,
9acdda4b5325ba64c5aa1945,C,C,CONFIRMED_C,C source signatures and no Java/C++-specific signature: C standard header; C stdio function,test,,,
9ade8b5785c852559ffc3bbd,C,C,CONFIRMED_C,C source signatures and no Java/C++-specific signature: C standard header; C stdio function,development,,,
9b5afcead9e7c2234679d3fb,C,C,CONFIRMED_C,C source signatures and no Java/C++-specific signature: C standard header; C stdio function,validation,,,
9b8daa4da9206ee4fcb1d416,C,C,CONFIRMED_C,C source signatures and no Java/C++-specific signature: C standard header; C stdio function,validation,,CAL_009,
9b99b15ba91264daf659ac88,C,C,CONFIRMED_C,C source signatures and no Java/C++-specific signature: C standard header; C stdio function,validation,,,
9c07091f31e33293f020b0f8,C,C,CONFIRMED_C,C source signatures and no Java/C++-specific signature: C standard header; C stdio function,development,,,
9c085bf6de448b94bd2afb90,C,C,CONFIRMED_C,C source signatures and no Java/C++-specific signature: C standard header; C stdio function,development,DEV_050,,
9c518f33a5787e87d1f3f66d,C,C++,NON_C_CPP,C++-only source signatures: C++ standard header; C++ namespace directive; C++ stream operator,validation,,,
9c705ac40e4d60c37982d9e6,C,C,CONFIRMED_C,C source signatures and no Java/C++-specific signature: C standard header; C stdio function,development,,,
9ca170b86f95338adb1e42ba,C,C,CONFIRMED_C,C source signatures and no Java/C++-specific signature: C standard header; C stdio function,development,,,
9ce18f58aa26930d65cef0a9,C,C,CONFIRMED_C,C source signatures and no Java/C++-specific signature: C standard header; C stdio function,validation,,,
9d76ad46b404234bd568a8da,C,C,CONFIRMED_C,C source signatures and no Java/C++-specific signature: C standard header; C stdio function,development,,,
9d7734ea1f61e3571cc7d81f,C,C,CONFIRMED_C,C source signatures and no Java/C++-specific signature: C standard header; C stdio function,development,,,
9df3b861bd5fed98d8020923,C,C,CONFIRMED_C,C source signatures and no Java/C++-specific signature: C standard header; C stdio function,development,,,
9e041e8928bd1147d14c203c,C,C,CONFIRMED_C,C source signatures and no Java/C++-specific signature: C standard header; C stdio function,development,,,
9e1e46deb66d51a09128d410,C,C,CONFIRMED_C,C source signatures and no Java/C++-specific signature: C standard header; C stdio function,development,,,
9ebc898a3732a909d3fe69fe,C,C,CONFIRMED_C,C source signatures and no Java/C++-specific signature: C standard header; C stdio function,development,,,
9ec51802e38744c0aefa7bd0,C,C,CONFIRMED_C,C source signatures and no Java/C++-specific signature: C standard header; C stdio function,validation,,,
9edbf07e3227c7f8c7d69491,C,C,CONFIRMED_C,C source signatures and no Java/C++-specific signature: C standard header; C stdio function,test,,,18c07b36a40056465a0355c4
9ee1242d8720f602e570e5fc,C,C,CONFIRMED_C,C source signatures and no Java/C++-specific signature: C standard header; C stdio function,development,,,
9f2c17df6677ba7b1d4ef0f6,C,C,CONFIRMED_C,C source signatures and no Java/C++-specific signature: C standard header; C stdio function,development,,,
9fa5180dc990798ce97a16d4,C,C,CONFIRMED_C,C source signatures and no Java/C++-specific signature: C standard header; C stdio function,test,,,
9ff3a2e1be5f926fc6d6c2a4,C,C,CONFIRMED_C,C source signatures and no Java/C++-specific signature: C standard header; C stdio function,development,,,
a00d9a13621b962433621d8f,C,C,CONFIRMED_C,C source signatures and no Java/C++-specific signature: C standard header; C stdio function,development,,,
a016f4fd48dd26b3aac276bf,C,C,CONFIRMED_C,C source signatures and no Java/C++-specific signature: C standard header; C stdio function,test,,,
a04740808eb80d14341daaee,C,C,CONFIRMED_C,C source signatures and no Java/C++-specific signature: C standard header; C stdio function,validation,,,
a06ba0621402d1a80c96c078,C,C,CONFIRMED_C,C source signatures and no Java/C++-specific signature: C standard header; C stdio function,development,,,
a07382bfd2cfaf323f1f24ab,C,C,CONFIRMED_C,C source signatures and no Java/C++-specific signature: C standard header; C stdio function,validation,,,
a0ff015c0322f0cd3640e69b,C,C,CONFIRMED_C,C source signatures and no Java/C++-specific signature: C standard header; C stdio function,test,,,
a116d7ce956aec312e956cd2,C,C,CONFIRMED_C,C source signatures and no Java/C++-specific signature: C standard header; C stdio function,development,,,
a16faa192017b55eb7b54ac8,C,C,CONFIRMED_C,C source signatures and no Java/C++-specific signature: C standard header; C stdio function; C sizeof operator,development,,,
a1ce4ff5b845d71a62a1cb7c,C,C,CONFIRMED_C,C source signatures and no Java/C++-specific signature: C standard header; C stdio function,test,,,
a1d48bbb43a2d147b0a2e4fc,C,C,CONFIRMED_C,C source signatures and no Java/C++-specific signature: C standard header; C stdio function,validation,,CAL_016,
a219228bee59df71588f3e70,C,C,CONFIRMED_C,C source signatures and no Java/C++-specific signature: C standard header; C stdio function,test,,,
a254fa4b7aba1b5645f0b0a1,C,C,CONFIRMED_C,C source signatures and no Java/C++-specific signature: C standard header; C stdio function,development,,,
a258f38142e893635b18c86f,C,C,CONFIRMED_C,C source signatures and no Java/C++-specific signature: C standard header; C stdio function,validation,,,
a268a4fb11f1ebdd724cbb35,C,C,CONFIRMED_C,C source signatures and no Java/C++-specific signature: C standard header; C stdio function,development,,,
a2a56648a94491b72508134d,C,C,CONFIRMED_C,C source signatures and no Java/C++-specific signature: C standard header; C stdio function,validation,,,
a3061b3cbf512eac820fc6db,C,C,CONFIRMED_C,C source signatures and no Java/C++-specific signature: C standard header; C stdio function,development,DEV_030,,
a32918235d06edeb1d965f5f,C,C,CONFIRMED_C,C source signatures and no Java/C++-specific signature: C standard header; C stdio function; C allocation function; C typedef/struct syntax,development,,,
a351359ef0ea3aacf09c15bc,C,C,CONFIRMED_C,C source signatures and no Java/C++-specific signature: C standard header; C stdio function,validation,,,
a373adfeae581f7fd5cd86b0,C,Java,NON_C_JAVA,Java-only source signatures: Java class declaration; Java main signature; System output/input; Java Scanner,test,,,
a393318733f2a8df4c690608,C,C,CONFIRMED_C,C source signatures and no Java/C++-specific signature: C standard header; C stdio function,test,,,
a4d404e9fd113c4cd32322bf,C,C,CONFIRMED_C,C source signatures and no Java/C++-specific signature: C standard header; C stdio function,validation,,,
a5043ddb709639a28dc00e87,C,C,CONFIRMED_C,C source signatures and no Java/C++-specific signature: C standard header; C stdio function,test,,,
a5ec74b9ed3c0f18b34461a1,C,C,CONFIRMED_C,C source signatures and no Java/C++-specific signature: C standard header; C stdio function,validation,,,
a64039ffd8a92fe4de841ecc,C,C,CONFIRMED_C,C source signatures and no Java/C++-specific signature: C standard header; C stdio function,development,,,
a64f4c78c821f420eea2e2ef,C,C,CONFIRMED_C,C source signatures and no Java/C++-specific signature: C standard header; C stdio function,development,,,
a6df82af8e5abf51575dfc86,C,C,CONFIRMED_C,C source signatures and no Java/C++-specific signature: C standard header; C stdio function,test,,,
a742e4eb3a6f473e8b30da6f,C,C,CONFIRMED_C,C source signatures and no Java/C++-specific signature: C standard header; C stdio function,development,,,
a77c9e436fe8acfcbfbd1f6a,C,C,CONFIRMED_C,C source signatures and no Java/C++-specific signature: C standard header; C stdio function; C sizeof operator,development,,,
a7c5fe880d26a87e48901355,C,C,CONFIRMED_C,C source signatures and no Java/C++-specific signature: C standard header; C stdio function,test,,,
a7e50633405ea9ece3110c7e,C,C,CONFIRMED_C,C source signatures and no Java/C++-specific signature: C standard header; C stdio function,development,,,
a87c1ea2020cd7003a163b41,C,C,CONFIRMED_C,C source signatures and no Java/C++-specific signature: C standard header; C stdio function,validation,,,
a8991af33be8a360cb09bd63,C,C,CONFIRMED_C,C source signatures and no Java/C++-specific signature: C standard header; C stdio function,test,,,2a49891c1eae81f8a13e495e
a8b44b0e3e3b60a815bc52d6,C,C,CONFIRMED_C,C source signatures and no Java/C++-specific signature: C standard header; C stdio function,development,,,
a9a406af5a6b31e937b36c86,C,C,CONFIRMED_C,C source signatures and no Java/C++-specific signature: C standard header; C stdio function,development,,,
a9d864cab1eeb28938787299,C,C,CONFIRMED_C,C source signatures and no Java/C++-specific signature: C standard header; C stdio function,test,,,0d5121a5905275812f5f6275
a9e047e5c0e227c7f509f3fd,C,C,CONFIRMED_C,C source signatures and no Java/C++-specific signature: C standard header; C stdio function,validation,,,
aaa6439021fb80771350f7f1,C,C,CONFIRMED_C,C source signatures and no Java/C++-specific signature: C standard header; C stdio function,validation,,,
aaaf0ff1cc8347430a6ecc7e,C,C,CONFIRMED_C,C source signatures and no Java/C++-specific signature: C standard header; C stdio function,development,,,
aab4110e16ffb976ea2db1d2,C,C,CONFIRMED_C,C source signatures and no Java/C++-specific signature: C standard header; C stdio function,development,,,
ab29cf5546efbe8927a3c8e1,C,C,CONFIRMED_C,C source signatures and no Java/C++-specific signature: C standard header; C stdio function,development,,,
ab98b1badea410d78423253f,C,C,CONFIRMED_C,C source signatures and no Java/C++-specific signature: C standard header; C stdio function,development,,,
ac00a72f1c7210b79d094195,C,C,CONFIRMED_C,C source signatures and no Java/C++-specific signature: C standard header; C stdio function,development,,,
ac63e4695488ecfef5b6c5d1,C,C,CONFIRMED_C,C source signatures and no Java/C++-specific signature: C standard header; C stdio function,development,,,
ac6bfe0224b48adb5b56afad,C,C,CONFIRMED_C,C source signatures and no Java/C++-specific signature: C standard header; C stdio function,test,,,
acc08976b6ade47ae962fff4,C,C,CONFIRMED_C,C source signatures and no Java/C++-specific signature: C standard header; C stdio function,test,,,
acdbef5a86b78c2a971dfd1c,C,C,CONFIRMED_C,C source signatures and no Java/C++-specific signature: C standard header; C stdio function,test,,,
ace73b43092f71194e2ba479,C,C,CONFIRMED_C,C source signatures and no Java/C++-specific signature: C standard header; C stdio function,test,,,d364837b085bfeead10e7b3b
ad001d1f11204ac58ea06bf8,C,C,CONFIRMED_C,C source signatures and no Java/C++-specific signature: C standard header; C stdio function,development,,,
ae2f299083ce78cf1b97ea95,C,C,CONFIRMED_C,C source signatures and no Java/C++-specific signature: C standard header; C stdio function,test,,,
ae9c2aba951b1b291d4d0c1e,C,C,CONFIRMED_C,C source signatures and no Java/C++-specific signature: C standard header; C stdio function,development,,,
aebf8aa66105fe230038dade,C,C,CONFIRMED_C,C source signatures and no Java/C++-specific signature: C standard header; C stdio function,development,,,
af384dac351b8fd849b28ca2,C,C,CONFIRMED_C,C source signatures and no Java/C++-specific signature: C standard header; C stdio function,development,,,
af64701521716dd6da77849a,C,C,CONFIRMED_C,C source signatures and no Java/C++-specific signature: C standard header; C stdio function,development,,,
afb16f1f09bb2721b4cde131,C,C,CONFIRMED_C,C source signatures and no Java/C++-specific signature: C standard header; C stdio function,validation,,,
afd538d3e5762f61b929ef4f,C,C,CONFIRMED_C,C source signatures and no Java/C++-specific signature: C standard header; C stdio function,development,,,
afefcbd8040b37dee317bf51,C,C,CONFIRMED_C,C source signatures and no Java/C++-specific signature: C standard header; C stdio function,development,,,
affd6a4651ea53c5450ea9eb,C,C,CONFIRMED_C,C source signatures and no Java/C++-specific signature: C standard header; C stdio function,development,,,
b0189e775e2413a79f1ac400,C,C,CONFIRMED_C,C source signatures and no Java/C++-specific signature: C standard header; C stdio function,test,,,
b03e2eeb217f2283d08ecd10,C,C,CONFIRMED_C,C source signatures and no Java/C++-specific signature: C standard header; C stdio function,validation,,,
b05742d8456462a16591dac1,C,C,CONFIRMED_C,C source signatures and no Java/C++-specific signature: C standard header; C stdio function,test,,,f0492fda2d0f19cb7827423e
b1245f60917fb46a6cf1d15f,C,C++,NON_C_CPP,C++-only source signatures: C++ standard header; C++ namespace directive; C++ stream operator; C++ STL type,development,,,
b15285d2aef8bc3e8b836627,C,C,CONFIRMED_C,C source signatures and no Java/C++-specific signature: C standard header; C stdio function,development,,,
b1551bdcbaba03cb0aae68b8,C,C,CONFIRMED_C,C source signatures and no Java/C++-specific signature: C standard header; C stdio function,development,,,
b165be8fce12a3f00dcce1f5,C,C,CONFIRMED_C,C source signatures and no Java/C++-specific signature: C standard header; C stdio function,development,,,
b22329e2882e8fc473d2ba25,C,C,CONFIRMED_C,C source signatures and no Java/C++-specific signature: C standard header; C stdio function,development,,,
b2b10a0d6ff3b70db7c93c95,C,C,CONFIRMED_C,C source signatures and no Java/C++-specific signature: C standard header; C stdio function,test,,,
b36cd8b4fc3a0b316d71e4cd,C,C,CONFIRMED_C,C source signatures and no Java/C++-specific signature: C standard header; C stdio function,development,,,
b401954c15a8f4691435ef13,C,C,CONFIRMED_C,C source signatures and no Java/C++-specific signature: C standard header; C stdio function,development,,,
b441797d6d07c19a10c9fa06,C,C,CONFIRMED_C,C source signatures and no Java/C++-specific signature: C standard header; C stdio function,development,,,
b458b340be71e087ff874c28,C,C,CONFIRMED_C,C source signatures and no Java/C++-specific signature: C standard header; C stdio function,validation,,,
b4be8ec0ac77df382d7a1460,C,C,CONFIRMED_C,C source signatures and no Java/C++-specific signature: C standard header; C stdio function,development,,,
b527026eda108792b382c4dd,C,C,CONFIRMED_C,C source signatures and no Java/C++-specific signature: C standard header; C stdio function,development,,,
b53255c92dc3409411aa55e3,C,C,CONFIRMED_C,C source signatures and no Java/C++-specific signature: C standard header; C stdio function,development,,,
b5468d4cc4c47840c9da4fc5,C,C,CONFIRMED_C,C source signatures and no Java/C++-specific signature: C standard header; C stdio function,development,,,
b571cfa47c25ff3bec5186b7,C,C,CONFIRMED_C,C source signatures and no Java/C++-specific signature: C standard header; C stdio function,test,,,
b5ab43e6c396e404ce8c88eb,C,C,CONFIRMED_C,C source signatures and no Java/C++-specific signature: C standard header; C stdio function,development,,,
b5c2c7d534730c0be4da73dd,C,C,CONFIRMED_C,C source signatures and no Java/C++-specific signature: C standard header; C stdio function,development,,,
b5e100627d1b7766dbf20db4,C,C,CONFIRMED_C,C source signatures and no Java/C++-specific signature: C standard header; C stdio function,development,,,
b5f5e2f6e9125675c71132b7,C,C,CONFIRMED_C,C source signatures and no Java/C++-specific signature: C standard header; C stdio function,development,,,
b6159056a75ce1be02c8177c,C,C,CONFIRMED_C,C source signatures and no Java/C++-specific signature: C standard header; C stdio function,development,,,
b615bc95a9238166fe2cf8c7,C,C,CONFIRMED_C,C source signatures and no Java/C++-specific signature: C standard header; C stdio function,development,,,
b632b22cd1715926ba293fb1,C,C,CONFIRMED_C,C source signatures and no Java/C++-specific signature: C standard header; C stdio function,validation,,,
b65f6b7fd072a7b283aa2848,C,C,CONFIRMED_C,C source signatures and no Java/C++-specific signature: C standard header; C stdio function,test,,,
b6673030f949c8d5a9bffcde,C,C,CONFIRMED_C,C source signatures and no Java/C++-specific signature: C standard header; C stdio function,validation,,,
b69e771fb9122698419650ba,C,C,CONFIRMED_C,C source signatures and no Java/C++-specific signature: C standard header; C stdio function; C allocation function; C typedef/struct syntax,development,,,
b707cdbdd94716af5c3d1ded,C,C,CONFIRMED_C,C source signatures and no Java/C++-specific signature: C standard header; C stdio function,development,,,
b70c6e3ac0b6ef7ed421cc6a,C,C,CONFIRMED_C,C source signatures and no Java/C++-specific signature: C standard header; C stdio function,validation,,,
b7548aaa7d813665e8cd2a6c,C,C,CONFIRMED_C,C source signatures and no Java/C++-specific signature: C standard header; C stdio function,development,,,
b7703b550611741a12aba6df,C,C,CONFIRMED_C,C source signatures and no Java/C++-specific signature: C standard header; C stdio function,development,,,
b7a56dfa5ed1e4f3fb7878e2,C,C,CONFIRMED_C,C source signatures and no Java/C++-specific signature: C standard header; C stdio function,development,,,
b7acc7b53edddf2317abf474,C,C,CONFIRMED_C,C source signatures and no Java/C++-specific signature: C standard header; C stdio function,development,,,
b7bb35fc3289c0303b424319,C,C,CONFIRMED_C,C source signatures and no Java/C++-specific signature: C standard header; C stdio function; C allocation function; C typedef/struct syntax,development,,,
b7e4bce3004f8c6083a80c27,C,C,CONFIRMED_C,C source signatures and no Java/C++-specific signature: C standard header; C stdio function,development,,,
b809d276cf7682ba24be2641,C,C,CONFIRMED_C,C source signatures and no Java/C++-specific signature: C standard header; C stdio function,test,,,
b8814fa3c08ac09a0a535004,C,C,CONFIRMED_C,C source signatures and no Java/C++-specific signature: C standard header; C stdio function,test,,,
b8a39466dfb2a2b93ffe9eb3,C,C,CONFIRMED_C,C source signatures and no Java/C++-specific signature: C standard header; C stdio function,test,,,
b8dbbc3629769242a8647586,C,C,CONFIRMED_C,C source signatures and no Java/C++-specific signature: C standard header; C stdio function,development,,,
b8e6c95aee3eb67f955083fc,C,C,CONFIRMED_C,C source signatures and no Java/C++-specific signature: C standard header; C stdio function; C sizeof operator,test,,,a36daa7dcc94c7b17ad4cd43
b8f6119a2948af310e1800ee,C,C,CONFIRMED_C,C source signatures and no Java/C++-specific signature: C standard header; C stdio function,validation,,,
b90f5efbc9f743fdad7bb5cc,C,C,CONFIRMED_C,C source signatures and no Java/C++-specific signature: C standard header; C stdio function,development,,,
b93a7b5e1479d032d255d22e,C,C,CONFIRMED_C,C source signatures and no Java/C++-specific signature: C standard header; C stdio function,test,,,270a7e429d1cf5bc737214c9
b9c9b5d782b3b551224ec94f,C,C,CONFIRMED_C,C source signatures and no Java/C++-specific signature: C standard header; C stdio function,development,,,
ba3220996c2729ea7756ff5c,C,C,CONFIRMED_C,C source signatures and no Java/C++-specific signature: C standard header; C stdio function,development,,,
ba36a32652ebc709c61b329e,C,C,CONFIRMED_C,C source signatures and no Java/C++-specific signature: C standard header; C stdio function; C sizeof operator,development,,,
bb147b2cb0dbed432a5be49e,C,C,CONFIRMED_C,C source signatures and no Java/C++-specific signature: C standard header; C stdio function,validation,,CAL_020,
bb1a6f45cc1bbd08c29b5db9,C,C,CONFIRMED_C,C source signatures and no Java/C++-specific signature: C standard header; C stdio function,development,,,
bb1cdcb5f2e0d3c1b9d8a8b5,C,C,CONFIRMED_C,C source signatures and no Java/C++-specific signature: C standard header; C stdio function,development,,,
bc0f591171c5f29f47cb6f5c,C,C,CONFIRMED_C,C source signatures and no Java/C++-specific signature: C standard header; C stdio function,development,,,
bc1cfcb41217bdfae2a7289d,C,C++,NON_C_CPP,C++-only source signatures: C++ standard header; C++ namespace directive; C++ stream operator; C++ nullptr type,development,,,
bcc6a724e42cd30a3b74e4ae,C,C,CONFIRMED_C,C source signatures and no Java/C++-specific signature: C standard header; C stdio function,validation,,,
bccf9345ef5e16b5fc5a07bf,C,C,CONFIRMED_C,C source signatures and no Java/C++-specific signature: C standard header; C stdio function,development,,,
bd772cfb0376a9ee9e6c26ee,C,C,CONFIRMED_C,C source signatures and no Java/C++-specific signature: C standard header; C stdio function,development,,,
bdea9a71d7ec14ae91d6084f,C,C,CONFIRMED_C,C source signatures and no Java/C++-specific signature: C standard header; C stdio function,development,,,
bdfa52cb9c37a7ad07a35707,C,C,CONFIRMED_C,C source signatures and no Java/C++-specific signature: C standard header; C stdio function,test,,,
be0dc1706d260c4e12184047,C,C,CONFIRMED_C,C source signatures and no Java/C++-specific signature: C standard header; C stdio function,development,,,
be54d9f5a15d6faa04f41451,C,C,CONFIRMED_C,C source signatures and no Java/C++-specific signature: C standard header; C stdio function,development,,,
be8dc30e7f0753aab47875a1,C,C,CONFIRMED_C,C source signatures and no Java/C++-specific signature: C standard header; C stdio function,test,,,3d401346ef495c9ac714cf13
bec838d5be14c4de5ed134bb,C,C,CONFIRMED_C,C source signatures and no Java/C++-specific signature: C standard header; C stdio function,development,,,
bfa561e884b9219d1376a8c5,C,C,CONFIRMED_C,C source signatures and no Java/C++-specific signature: C standard header; C stdio function,development,,,
c00ad2ca6bbdf482e0a414c8,C,C,CONFIRMED_C,C source signatures and no Java/C++-specific signature: C standard header; C stdio function,validation,,,
c0519af9d8ca35e704e18222,C,C,CONFIRMED_C,C source signatures and no Java/C++-specific signature: C standard header; C stdio function; C allocation function; C typedef/struct syntax,development,DEV_032,,
c055940c6894b434664de04f,C,C,CONFIRMED_C,C source signatures and no Java/C++-specific signature: C standard header; C stdio function,development,,,
c0f34c204cbdf82bd597b725,C,C,CONFIRMED_C,C source signatures and no Java/C++-specific signature: C standard header; C stdio function,development,,,
c0f643de28338d53ea06533f,C,C,CONFIRMED_C,C source signatures and no Java/C++-specific signature: C standard header; C stdio function,development,,,
c21c74f8bcf20c3bd0c5d6d3,C,C,CONFIRMED_C,C source signatures and no Java/C++-specific signature: C standard header; C stdio function,development,,,
c3556066a2d4f5122b2b7691,C,C,CONFIRMED_C,C source signatures and no Java/C++-specific signature: C standard header; C stdio function,development,,,
c3e93fbcb3a0a3394b879971,C,C,CONFIRMED_C,C source signatures and no Java/C++-specific signature: C standard header; C stdio function,development,,,
c4618d3fdb94be0c9a9167ce,C,C,CONFIRMED_C,C source signatures and no Java/C++-specific signature: C standard header; C stdio function,development,,,
c4960904184851b0f5b2740a,C,C,CONFIRMED_C,C source signatures and no Java/C++-specific signature: C standard header; C stdio function,validation,,,
c4bb79e2600d6410696c3b62,C,C,CONFIRMED_C,C source signatures and no Java/C++-specific signature: C standard header; C stdio function,development,,,
c4d517493e159f268c187609,C,C,CONFIRMED_C,C source signatures and no Java/C++-specific signature: C standard header; C stdio function,test,,,
c54356888f025bfc3b3b5b3c,C,C,CONFIRMED_C,C source signatures and no Java/C++-specific signature: C standard header; C stdio function,development,,,
c56bd66266ce92c60fc875eb,C,C,CONFIRMED_C,C source signatures and no Java/C++-specific signature: C standard header; C stdio function,validation,,,
c575de6247566691f9e01980,C,Java,NON_C_JAVA,Java-only source signatures: Java class declaration; Java main signature; System output/input; Java String type,test,,,
c58dee025e1bfdab2d69e29a,C,C,CONFIRMED_C,C source signatures and no Java/C++-specific signature: C standard header; C stdio function,development,,,
c5d5c7979ab7293cd174b33d,C,C,CONFIRMED_C,C source signatures and no Java/C++-specific signature: C standard header; C stdio function,test,,,
c610644932e9121aad26cb95,C,C,CONFIRMED_C,C source signatures and no Java/C++-specific signature: C standard header; C stdio function,development,,,
c61ae3b906cf305f49189fcc,C,C,CONFIRMED_C,C source signatures and no Java/C++-specific signature: C standard header; C stdio function,test,,,4d030060edad6353bedf9947
c626174cc0a7cfdbb5d73ced,C,C,CONFIRMED_C,C source signatures and no Java/C++-specific signature: C standard header; C stdio function; C allocation function; C typedef/struct syntax,development,,,
c702cfb8b7dd69af6fa930bd,C,C,CONFIRMED_C,C source signatures and no Java/C++-specific signature: C standard header; C stdio function,development,,,
c7d41a09112d524f0f0855f2,C,C,CONFIRMED_C,C source signatures and no Java/C++-specific signature: C standard header; C stdio function,development,,,
c829697a2d3910be0795a67b,C,C,CONFIRMED_C,C source signatures and no Java/C++-specific signature: C standard header; C stdio function,development,,,
c83f7b8b941c0fd7e8183244,C,C,CONFIRMED_C,C source signatures and no Java/C++-specific signature: C standard header; C stdio function,test,,,07d61a09618f024b4a8ee377
c84be36e9b0d9eca34a89000,C,C,CONFIRMED_C,C source signatures and no Java/C++-specific signature: C standard header; C stdio function,development,,,
c85f1a1420e078b72e22eddd,C,C,CONFIRMED_C,C source signatures and no Java/C++-specific signature: C standard header; C stdio function,validation,,,
c9a23693c847f08279ef8319,C,C,CONFIRMED_C,C source signatures and no Java/C++-specific signature: C standard header; C stdio function,development,,,
c9ac7b7db05e50f2dadebdd4,C,C++,NON_C_CPP,C++-only source signatures: C++ standard header; C++ namespace directive,development,,,
ca34cb77cc7d96c04514a063,C,C,CONFIRMED_C,C source signatures and no Java/C++-specific signature: C standard header; C stdio function,test,,,2adbbe637a52e7848d58c447
ca5734984147e74c69ba8028,C,C,CONFIRMED_C,C source signatures and no Java/C++-specific signature: C standard header; C stdio function,validation,,,
caa6054eb476960c9baa924f,C,C,CONFIRMED_C,C source signatures and no Java/C++-specific signature: C standard header; C stdio function,development,,,
caad88b0c8a283aad1c73a8f,C,C,CONFIRMED_C,C source signatures and no Java/C++-specific signature: C standard header; C stdio function,development,,,
cab5f807feec6e1bd9a012f1,C,C,CONFIRMED_C,C source signatures and no Java/C++-specific signature: C standard header; C stdio function,development,,,
cada5a8c5dbd7fbe19fd9b8e,C,C,CONFIRMED_C,C source signatures and no Java/C++-specific signature: C standard header; C stdio function,development,,,
cae8adaacacc2e9b3d54b882,C,C,CONFIRMED_C,C source signatures and no Java/C++-specific signature: C standard header; C stdio function,development,,,
caf1c1a9e1740b0c8a532020,C,C,CONFIRMED_C,C source signatures and no Java/C++-specific signature: C standard header; C stdio function; C sizeof operator,development,,,
caf52b99f5975394a94b61cb,C,C,CONFIRMED_C,C source signatures and no Java/C++-specific signature: C standard header; C stdio function,validation,,CAL_003,
cb01fb2b59649553461711b5,C,C,CONFIRMED_C,C source signatures and no Java/C++-specific signature: C standard header; C stdio function,development,,,
cb3fb93fd8d889d3ba5f4377,C,C,CONFIRMED_C,C source signatures and no Java/C++-specific signature: C standard header; C stdio function,development,,,
cb616d1c90c21b2243078027,C,C,CONFIRMED_C,C source signatures and no Java/C++-specific signature: C standard header; C stdio function,test,,,388bc1ded58589544717cfb7
cb6291785f87ece86a7b5497,C,C,CONFIRMED_C,C source signatures and no Java/C++-specific signature: C standard header; C stdio function,test,,,
cb929b5e328d1c8275267f79,C,C,CONFIRMED_C,C source signatures and no Java/C++-specific signature: C standard header; C stdio function,validation,,,
cba23064236d943c62681a7e,C,C,CONFIRMED_C,C source signatures and no Java/C++-specific signature: C standard header; C stdio function; C allocation function; C typedef/struct syntax,development,,,
cc0ea5a5b1b56d53e4fe2997,C,C,CONFIRMED_C,C source signatures and no Java/C++-specific signature: C standard header; C stdio function; C allocation function; C typedef/struct syntax,development,DEV_014,,
cc649f99879e4b111358ca81,C,C,CONFIRMED_C,C source signatures and no Java/C++-specific signature: C standard header; C stdio function; C allocation function; C typedef/struct syntax,development,,,
cc74e11e5810029b33b3d7c4,C,C,CONFIRMED_C,C source signatures and no Java/C++-specific signature: C standard header; C stdio function,validation,,,
ccf55a8b59a5e468e0c6f2f3,C,C,CONFIRMED_C,C source signatures and no Java/C++-specific signature: C standard header; C stdio function,development,,,
cd3162a92ea231f92f609cc7,C,C,CONFIRMED_C,C source signatures and no Java/C++-specific signature: C standard header; C stdio function,validation,,,
cd417a14c1c82bcdc39efba0,C,C,CONFIRMED_C,C source signatures and no Java/C++-specific signature: C standard header; C stdio function,validation,,,
cd736c3f41ed4c3f954d9664,C,C,CONFIRMED_C,C source signatures and no Java/C++-specific signature: C standard header; C stdio function,development,,,
cda1bb601f6b89bfae6be9f2,C,C,CONFIRMED_C,C source signatures and no Java/C++-specific signature: C standard header; C stdio function,development,,,
ced51386b5145030530cee7d,C,C,CONFIRMED_C,C source signatures and no Java/C++-specific signature: C standard header; C stdio function,validation,,,
ceec41d007c93d9a1f1b0e29,C,C,CONFIRMED_C,C source signatures and no Java/C++-specific signature: C standard header; C stdio function,development,DEV_029,,
cef7230bc559e2561918dd6f,C,C,CONFIRMED_C,C source signatures and no Java/C++-specific signature: C standard header; C stdio function,development,,,
cf68148c191adf62f5c3c4b4,C,C,CONFIRMED_C,C source signatures and no Java/C++-specific signature: C standard header; C stdio function,development,,,
cf9ef7264e70c29cec9a5b70,C,C,CONFIRMED_C,C source signatures and no Java/C++-specific signature: C standard header; C stdio function,development,,,
cfa31d9187355a107580ba28,C,C,CONFIRMED_C,C source signatures and no Java/C++-specific signature: C standard header; C stdio function,development,,,
cfc083ce8e8cef5899184f62,C,C,CONFIRMED_C,C source signatures and no Java/C++-specific signature: C standard header; C stdio function,development,,,
d00f5d6e4c66dc3f29c6e695,C,C,CONFIRMED_C,C source signatures and no Java/C++-specific signature: C standard header; C stdio function,development,,,
d1103662759dfb305bc3f639,C,C,CONFIRMED_C,C source signatures and no Java/C++-specific signature: C standard header; C stdio function,development,,,
d11576e7d0f204378131d72a,C,C,CONFIRMED_C,C source signatures and no Java/C++-specific signature: C standard header; C stdio function,development,,,
d13c1eee0efc2707983bccf3,C,C,CONFIRMED_C,C source signatures and no Java/C++-specific signature: C standard header; C stdio function,development,,,
d19819d71fa1317bf16f2ffa,C,C,CONFIRMED_C,C source signatures and no Java/C++-specific signature: C standard header; C stdio function,test,,,
d259c8417ce9d8741dc452e3,C,C,CONFIRMED_C,C source signatures and no Java/C++-specific signature: C standard header; C stdio function,development,,,
d2645d2ae2e1fab610eb3389,C,C,CONFIRMED_C,C source signatures and no Java/C++-specific signature: C standard header; C stdio function,development,,,
d272277674c9e406bef0a549,C,C,CONFIRMED_C,C source signatures and no Java/C++-specific signature: C standard header; C stdio function,development,,,
d2fffaf5347294aec7875094,C,C,CONFIRMED_C,C source signatures and no Java/C++-specific signature: C standard header; C stdio function,development,,,
d320e3639bee65acfc886fbc,C,C,CONFIRMED_C,C source signatures and no Java/C++-specific signature: C standard header; C stdio function,development,,,
d36443b95631f38cb4267318,C,C,CONFIRMED_C,C source signatures and no Java/C++-specific signature: C standard header; C stdio function,development,,,
d3cf13a9ace6859ee198c744,C,C,CONFIRMED_C,C source signatures and no Java/C++-specific signature: C standard header; C stdio function,development,,,
d3d07c0876bd1cc6b8235ad9,C,C,CONFIRMED_C,C source signatures and no Java/C++-specific signature: C standard header; C stdio function,validation,,,
d416b7e0b7d86c51d3afcee1,C,C,CONFIRMED_C,C source signatures and no Java/C++-specific signature: C standard header; C stdio function,development,,,
d43ead4bd9cad02d40b48a18,C,C,CONFIRMED_C,C source signatures and no Java/C++-specific signature: C standard header; C stdio function,development,,,
d4491303fdb91e18ef2fd371,C,C,CONFIRMED_C,C source signatures and no Java/C++-specific signature: C standard header; C stdio function,validation,,CAL_007,
d46ef551c46334150792214d,C,C,CONFIRMED_C,C source signatures and no Java/C++-specific signature: C standard header; C stdio function,development,,,
d4c56f9f8d84a6cb0c197da5,C,C,CONFIRMED_C,C source signatures and no Java/C++-specific signature: C standard header; C stdio function,test,,,
d4eb5397648da1571f6aacfd,C,C,CONFIRMED_C,C source signatures and no Java/C++-specific signature: C standard header; C stdio function,test,,,
d5675fd4e216664f2b0a3bfb,C,C,CONFIRMED_C,C source signatures and no Java/C++-specific signature: C standard header; C stdio function,test,,,
d5768d0fe8df3aa5c40b1019,C,C,CONFIRMED_C,C source signatures and no Java/C++-specific signature: C standard header; C stdio function,validation,,,
d57d0a03e97d2754f8106308,C,Java,NON_C_JAVA,Java-only source signatures: Java import; Java class declaration; Java main signature; System output/input,development,DEV_010,,
d58edafc6726156df1e6315e,C,C,CONFIRMED_C,C source signatures and no Java/C++-specific signature: C standard header; C stdio function; C allocation function; C typedef/struct syntax,development,DEV_013,,
d59e1e06bc051bc308848ab1,C,C,CONFIRMED_C,C source signatures and no Java/C++-specific signature: C standard header; C stdio function,development,,,
d619e7882dcc7eaf70741bdc,C,C,CONFIRMED_C,C source signatures and no Java/C++-specific signature: C standard header; C stdio function,development,,,
d6bfb0d3dd003f37308313c8,C,C,CONFIRMED_C,C source signatures and no Java/C++-specific signature: C standard header; C stdio function,test,,,
d6c240304bb83cb55659788f,C,C,CONFIRMED_C,C source signatures and no Java/C++-specific signature: C standard header; C stdio function,development,,,
d6d8c0922aab46a73d993854,C,C,CONFIRMED_C,C source signatures and no Java/C++-specific signature: C standard header; C stdio function,development,,,
d70bcc105095d37ecdecb9a4,C,C,CONFIRMED_C,C source signatures and no Java/C++-specific signature: C standard header; C stdio function,development,,,
d72cee84b6d009036d3bcee6,C,C,CONFIRMED_C,C source signatures and no Java/C++-specific signature: C standard header; C stdio function,test,,,
d764b68c126199fa2ce1206b,C,C,CONFIRMED_C,C source signatures and no Java/C++-specific signature: C standard header; C stdio function,development,,,
d7d1af277735e414cbc2208e,C,C,CONFIRMED_C,C source signatures and no Java/C++-specific signature: C standard header; C stdio function,validation,,,
d7d5195ed9b11e650c6be1b1,C,C,CONFIRMED_C,C source signatures and no Java/C++-specific signature: C standard header; C stdio function,development,,,
d7f9e8e856ccaa656b9b2cc1,C,C,CONFIRMED_C,C source signatures and no Java/C++-specific signature: C standard header; C stdio function,validation,,,
d821998304d2f43c0a9dbb72,C,C,CONFIRMED_C,C source signatures and no Java/C++-specific signature: C standard header; C stdio function,validation,,,
d8a7c5215f567b4aa58c61ce,C,C,CONFIRMED_C,C source signatures and no Java/C++-specific signature: C standard header; C stdio function,development,,,
d8b3aaf84d0f265c83fc094a,C,C,CONFIRMED_C,C source signatures and no Java/C++-specific signature: C standard header; C stdio function,development,,,
d8e4663d2d3c953adf6fbb47,C,C,CONFIRMED_C,C source signatures and no Java/C++-specific signature: C standard header; C stdio function,development,,,
d8f7499cc17fa43fd6f569ca,C,C,CONFIRMED_C,C source signatures and no Java/C++-specific signature: C standard header; C stdio function,development,,,
daa18e0fc1b8983a6a6226a9,C,C,CONFIRMED_C,C source signatures and no Java/C++-specific signature: C standard header; C stdio function,validation,,,
db0a8d20fa41bbb02385672c,C,C,CONFIRMED_C,C source signatures and no Java/C++-specific signature: C standard header; C stdio function,development,,,
db1c665cd3a44faccc69b7ba,C,C,CONFIRMED_C,C source signatures and no Java/C++-specific signature: C standard header; C stdio function,validation,,,
db4a768929f5434e206a0424,C,C,CONFIRMED_C,C source signatures and no Java/C++-specific signature: C standard header; C stdio function,development,,,
db66c7af4c1b1917ef23c29d,C,C,CONFIRMED_C,C source signatures and no Java/C++-specific signature: C standard header; C stdio function,development,,,
dc2dc524fafa853e4af2a6a5,C,C,CONFIRMED_C,C source signatures and no Java/C++-specific signature: C standard header; C stdio function,development,,,
dc56c363e83ac2e513759dd5,C,C,CONFIRMED_C,C source signatures and no Java/C++-specific signature: C standard header; C stdio function,test,,,
dcd31f7123efaed7316748ae,C,C,CONFIRMED_C,C source signatures and no Java/C++-specific signature: C standard header; C stdio function,development,,,
dce0c506c882598eb3795d9c,C,C,CONFIRMED_C,C source signatures and no Java/C++-specific signature: C standard header; C stdio function,validation,,,
dd032b2e16eaef4c5af72aaf,C,C,CONFIRMED_C,C source signatures and no Java/C++-specific signature: C standard header; C stdio function,development,DEV_047,,
dd56463814c030688b83caa1,C,C,CONFIRMED_C,C source signatures and no Java/C++-specific signature: C standard header; C stdio function,test,,,
dd6cd0bf2a011bfccc275a9c,C,C,CONFIRMED_C,C source signatures and no Java/C++-specific signature: C standard header; C stdio function,test,,,8a8ca0c982a6f194f2684043
dd70b4547c83db9eb7a06c8c,C,C,CONFIRMED_C,C source signatures and no Java/C++-specific signature: C standard header; C stdio function,development,,,
dde985e9b53dcf2bdec2320a,C,C,CONFIRMED_C,C source signatures and no Java/C++-specific signature: C standard header; C stdio function,development,DEV_041,,
ddf7bf2fdfa8f99761c598f2,C,C,CONFIRMED_C,C source signatures and no Java/C++-specific signature: C standard header; C stdio function,development,,,
de269c89f966d81c1a5ca35c,C,C,CONFIRMED_C,C source signatures and no Java/C++-specific signature: C standard header; C stdio function,test,,,
de336cde917de17ec27df5b3,C,C,CONFIRMED_C,C source signatures and no Java/C++-specific signature: C standard header; C stdio function,test,,,
dea6a836ba9a4972c8147ae1,C,C,CONFIRMED_C,C source signatures and no Java/C++-specific signature: C standard header; C stdio function,validation,,,
dec0b91a8776469059a1c031,C,C,CONFIRMED_C,C source signatures and no Java/C++-specific signature: C standard header; C stdio function,development,,,
ded786f0bcdce366d987f4c1,C,C,CONFIRMED_C,C source signatures and no Java/C++-specific signature: C standard header; C stdio function,development,,,
df1ff6d56a49c496d4354ce7,C,C,CONFIRMED_C,C source signatures and no Java/C++-specific signature: C standard header; C stdio function,test,,,
df2594297f64c73e50323f35,C,C,CONFIRMED_C,C source signatures and no Java/C++-specific signature: C standard header; C stdio function,development,,,
df45dc263d7f5026a41baede,C,C,CONFIRMED_C,C source signatures and no Java/C++-specific signature: C standard header; C stdio function; C allocation function; C typedef/struct syntax,development,,,
df4c99d9d2776ded644185e4,C,C,CONFIRMED_C,C source signatures and no Java/C++-specific signature: C standard header; C stdio function,development,,,
df4e2d1b86ed846e111eed9e,C,C,CONFIRMED_C,C source signatures and no Java/C++-specific signature: C standard header; C stdio function,development,,,
df98d81b4722ba927263f414,C,C,CONFIRMED_C,C source signatures and no Java/C++-specific signature: C standard header; C stdio function,development,,,
e0016fc0dd11f043e32e0e8e,C,C,CONFIRMED_C,C source signatures and no Java/C++-specific signature: C standard header; C stdio function,test,,,
e0349e24871c77c64c0fd515,C,C,CONFIRMED_C,C source signatures and no Java/C++-specific signature: C standard header; C stdio function,development,,,
e04d7ab0b68b617dbfd22c84,C,C,CONFIRMED_C,C source signatures and no Java/C++-specific signature: C standard header; C stdio function,development,,,
e050a100412780816335651e,C,C,CONFIRMED_C,C source signatures and no Java/C++-specific signature: C standard header; C stdio function,development,,,
e058a08939d0ba5f3c260591,C,C,CONFIRMED_C,C source signatures and no Java/C++-specific signature: C standard header; C stdio function,validation,,,
e0a5043bb2a2d2e790cca4c8,C,C,CONFIRMED_C,C source signatures and no Java/C++-specific signature: C standard header; C stdio function,development,,,
e0b50eedb6680be0fe26b941,C,C,CONFIRMED_C,C source signatures and no Java/C++-specific signature: C standard header; C stdio function,test,,,0bb4322896af3b70cfc0ae9a
e1743828229c7b9970dbfe78,C,C,CONFIRMED_C,C source signatures and no Java/C++-specific signature: C standard header; C stdio function,validation,,,
e185a49c673b8a1436db8793,C,C,CONFIRMED_C,C source signatures and no Java/C++-specific signature: C standard header; C stdio function,development,,,
e1cf9d36221ebd35e57956fe,C,C,CONFIRMED_C,C source signatures and no Java/C++-specific signature: C standard header; C stdio function; C sizeof operator,development,,,
e1d3d3f3bc74bf68af0a7916,C,C,CONFIRMED_C,C source signatures and no Java/C++-specific signature: C standard header; C stdio function,development,,,
e1f99fceb6ed1a90b0218dec,C,C,CONFIRMED_C,C source signatures and no Java/C++-specific signature: C standard header; C stdio function,development,,,
e272b1edbb34af743c81dc41,C,C,CONFIRMED_C,C source signatures and no Java/C++-specific signature: C standard header; C stdio function,development,,,
e2826fc031360e7e40c820f2,C,C,CONFIRMED_C,C source signatures and no Java/C++-specific signature: C standard header; C stdio function,development,,,
e2f47a0f60c97564bf0f2c75,C,C,CONFIRMED_C,C source signatures and no Java/C++-specific signature: C standard header; C stdio function,test,,,
e31becec2d1cef661374a86e,C,C,CONFIRMED_C,C source signatures and no Java/C++-specific signature: C standard header; C stdio function,test,,,
e3437e602af1785a49447a86,C,C,CONFIRMED_C,C source signatures and no Java/C++-specific signature: C standard header; C stdio function,development,,,
e3872745bb33ba528a911d9d,C,C,CONFIRMED_C,C source signatures and no Java/C++-specific signature: C standard header; C stdio function,development,,,
e3e30d290f87c226adff35e2,C,C,CONFIRMED_C,C source signatures and no Java/C++-specific signature: C standard header; C stdio function,development,,,
e3fa1077027b23e19eda315f,C,C,CONFIRMED_C,C source signatures and no Java/C++-specific signature: C standard header; C stdio function,test,,,
e3ff919d760096352ebd1340,C,C,CONFIRMED_C,C source signatures and no Java/C++-specific signature: C standard header; C stdio function,development,,,
e40ddd0c1b0081d08f8cbee6,C,C,CONFIRMED_C,C source signatures and no Java/C++-specific signature: C standard header; C stdio function,validation,,,
e4259c5e0032d21104e60ebe,C,C,CONFIRMED_C,C source signatures and no Java/C++-specific signature: C standard header; C stdio function,test,,,
e4c405b843a47312414631d5,C,C,CONFIRMED_C,C source signatures and no Java/C++-specific signature: C standard header; C stdio function,development,,,
e568b87a988c7277b48aecf1,C,C,CONFIRMED_C,C source signatures and no Java/C++-specific signature: C standard header; C stdio function,development,,,
e56cbf514186c27101ce1c40,C,C,CONFIRMED_C,C source signatures and no Java/C++-specific signature: C standard header; C stdio function,development,,,
e6880f316569c0aa3fa87794,C,C,CONFIRMED_C,C source signatures and no Java/C++-specific signature: C standard header; C stdio function,validation,,,
e68f3086525e8436195330b5,C,AMBIGUOUS,AMBIGUOUS,conflicting Java and C++ source signatures: Java class declaration; C++ standard header; C++ namespace directive; C++ stream operator,development,,,
e6b7e814ae2147d6e7ceff20,C,C,CONFIRMED_C,C source signatures and no Java/C++-specific signature: C standard header; C stdio function,development,,,
e6d2dea6a993182863490291,C,C,CONFIRMED_C,C source signatures and no Java/C++-specific signature: C standard header; C stdio function,test,,,
e71f39518b9ccad7f3093e3e,C,C,CONFIRMED_C,C source signatures and no Java/C++-specific signature: C standard header; C stdio function,test,,,
e7aee5c218fc98e66a05bcb0,C,C,CONFIRMED_C,C source signatures and no Java/C++-specific signature: C standard header; C stdio function,development,,,
e7bb35a64a2251434cf37c40,C,C,CONFIRMED_C,C source signatures and no Java/C++-specific signature: C standard header; C stdio function,development,DEV_049,,
e7e03c61c6f294f61847e3ad,C,C,CONFIRMED_C,C source signatures and no Java/C++-specific signature: C standard header; C stdio function,test,,,
e80d949f88f102eac91d4572,C,C,CONFIRMED_C,C source signatures and no Java/C++-specific signature: C standard header; C stdio function; C allocation function; C typedef/struct syntax,development,,,
e81b44aa8fe9a973ae7fac0c,C,C,CONFIRMED_C,C source signatures and no Java/C++-specific signature: C standard header; C stdio function,test,,,
e871d92c962ecfc01445b78a,C,C,CONFIRMED_C,C source signatures and no Java/C++-specific signature: C standard header; C stdio function,development,,,
e87d91d6df04037f1a319873,C,C,CONFIRMED_C,C source signatures and no Java/C++-specific signature: C standard header; C stdio function,development,DEV_026,,
e8c0f747080ee5b542094585,C,C,CONFIRMED_C,C source signatures and no Java/C++-specific signature: C standard header; C stdio function,test,,,
e8e0da2864b06d6fe8f3c76c,C,C,CONFIRMED_C,C source signatures and no Java/C++-specific signature: C standard header; C stdio function,development,,,
e92886d827c5e2794321c6b5,C,C,CONFIRMED_C,C source signatures and no Java/C++-specific signature: C standard header; C stdio function,validation,,,
e94c6dc035fb0eb9ccff8eb5,C,C,CONFIRMED_C,C source signatures and no Java/C++-specific signature: C standard header; C stdio function,test,,,
e9515464931b80fda7ae674e,C,C,CONFIRMED_C,C source signatures and no Java/C++-specific signature: C standard header; C stdio function,test,,,
e95e28cdeddcec2108e00af7,C,C,CONFIRMED_C,C source signatures and no Java/C++-specific signature: C standard header; C stdio function,validation,,,
e9c41bacc5eaa97bcd44b34d,C,C,CONFIRMED_C,C source signatures and no Java/C++-specific signature: C standard header; C stdio function,development,,,
e9dafd4012122981ebac6494,C,C,CONFIRMED_C,C source signatures and no Java/C++-specific signature: C standard header; C stdio function,validation,,,
eae36d9c16e2a62dde0c2a25,C,C,CONFIRMED_C,C source signatures and no Java/C++-specific signature: C standard header; C stdio function,development,,,
eafe81d1d9b0cd5ea7626fdc,C,C,CONFIRMED_C,C source signatures and no Java/C++-specific signature: C standard header; C stdio function,development,,,
eb208e1ebd073495dbde47cd,C,C,CONFIRMED_C,C source signatures and no Java/C++-specific signature: C standard header; C stdio function,development,,,
ebc167cb7b09f07413ed5ce8,C,C,CONFIRMED_C,C source signatures and no Java/C++-specific signature: C standard header; C stdio function,test,,,506cde292d12fe8125922007
ebd057ed77244d0c1a765aca,C,C,CONFIRMED_C,C source signatures and no Java/C++-specific signature: C standard header; C stdio function,development,,,
ebe4d04f38871e9fdac38f35,C,C,CONFIRMED_C,C source signatures and no Java/C++-specific signature: C standard header; C stdio function,validation,,,
ec4618f4fb98370fc295e099,C,C,CONFIRMED_C,C source signatures and no Java/C++-specific signature: C standard header; C stdio function,validation,,,
ec4dade2858ed53fe5cb0732,C,C,CONFIRMED_C,C source signatures and no Java/C++-specific signature: C standard header; C stdio function,development,DEV_042,,
ec547539f59d00491ed76f4d,C,C,CONFIRMED_C,C source signatures and no Java/C++-specific signature: C standard header; C stdio function,development,,,
ec947ef3d1d2bb342a475294,C,C,CONFIRMED_C,C source signatures and no Java/C++-specific signature: C standard header; C stdio function,development,,,
ecff3dbb077be1e1807b08d4,C,C,CONFIRMED_C,C source signatures and no Java/C++-specific signature: C standard header; C stdio function; C allocation function; C typedef/struct syntax,development,,,
ed1c3d0f9dc6f8e131ead543,C,C,CONFIRMED_C,C source signatures and no Java/C++-specific signature: C standard header; C stdio function,test,,,
ed88b8e3685288d9fc1ce9b4,C,C,CONFIRMED_C,C source signatures and no Java/C++-specific signature: C standard header; C stdio function,test,,,de2fbc16af761c95ad2f2f51
ee45baee26c99c6c06855dec,C,C,CONFIRMED_C,C source signatures and no Java/C++-specific signature: C standard header; C stdio function,development,,,
ee5a44e7ba9fb572f609c425,C,C,CONFIRMED_C,C source signatures and no Java/C++-specific signature: C standard header; C stdio function,development,,,
ee81965fe69d96ef77f05442,C,C,CONFIRMED_C,C source signatures and no Java/C++-specific signature: C standard header; C stdio function,development,,,
eef0ff2fd3c02521a76b2819,C,C,CONFIRMED_C,C source signatures and no Java/C++-specific signature: C standard header; C stdio function,development,,,
ef83c9e4e1118377a91e7786,C,C,CONFIRMED_C,C source signatures and no Java/C++-specific signature: C standard header; C stdio function,development,,,
ef9761cf207f9a10692f0388,C,C,CONFIRMED_C,C source signatures and no Java/C++-specific signature: C standard header; C stdio function,development,,,
ef98ab9ee6a85f77a9d8ecf5,C,C,CONFIRMED_C,C source signatures and no Java/C++-specific signature: C standard header; C stdio function,validation,,,
f018e5b6a70b99ea926ed7ac,C,C++,NON_C_CPP,C++-only source signatures: C++ standard header; C++ namespace directive; C++ stream operator,development,,,
f05d34c3d86070c2d26681fc,C,C,CONFIRMED_C,C source signatures and no Java/C++-specific signature: C standard header; C stdio function; C allocation function; C typedef/struct syntax,development,,,
f0a0857aa27fcf53962fa324,C,C,CONFIRMED_C,C source signatures and no Java/C++-specific signature: C standard header; C stdio function,test,,,
f0a2d95007c28522ce16f523,C,C,CONFIRMED_C,C source signatures and no Java/C++-specific signature: C standard header; C stdio function,development,,,
f13865471e61ecafa83d926f,C,C,CONFIRMED_C,C source signatures and no Java/C++-specific signature: C standard header; C stdio function,development,,,
f14231c4a487c1ced0b5f112,C,C,CONFIRMED_C,C source signatures and no Java/C++-specific signature: C standard header; C stdio function,test,,,5421631b1c6b6015acc52a28
f146c42668162b544c3ffbc0,C,C,CONFIRMED_C,C source signatures and no Java/C++-specific signature: C standard header; C stdio function,development,,,
f1695bd4bb444588927c9292,C,C,CONFIRMED_C,C source signatures and no Java/C++-specific signature: C standard header; C stdio function,development,,,
f1a4053fa5c5ba49f19d33c0,C,C,CONFIRMED_C,C source signatures and no Java/C++-specific signature: C standard header; C stdio function,validation,,CAL_018,
f1d244d11fa71dcd45af56d7,C,C,CONFIRMED_C,C source signatures and no Java/C++-specific signature: C standard header; C stdio function,development,,,
f2227494868918fa1be8e7af,C,C,CONFIRMED_C,C source signatures and no Java/C++-specific signature: C standard header; C stdio function,test,,,
f22c6d427086d8fdfffb4dd7,C,C,CONFIRMED_C,C source signatures and no Java/C++-specific signature: C standard header; C stdio function,development,,,
f2fbb7e2c72c76d636abf900,C,C,CONFIRMED_C,C source signatures and no Java/C++-specific signature: C standard header; C stdio function,development,,,
f30d166fc24af0a8490b6f12,C,C,CONFIRMED_C,C source signatures and no Java/C++-specific signature: C standard header; C stdio function,test,,,
f319734cc8f48111b0558279,C,C,CONFIRMED_C,C source signatures and no Java/C++-specific signature: C standard header; C stdio function,validation,,,
f33637415ccbc93ac6400a5d,C,C,CONFIRMED_C,C source signatures and no Java/C++-specific signature: C standard header; C stdio function,development,,,
f36e2105b46a88fd58cb84f9,C,C,CONFIRMED_C,C source signatures and no Java/C++-specific signature: C standard header; C stdio function,development,,,
f39a82d45cd49affedc78545,C,C,CONFIRMED_C,C source signatures and no Java/C++-specific signature: C standard header; C stdio function,validation,,,
f3a9059261eec6bd44ae3869,C,C,CONFIRMED_C,C source signatures and no Java/C++-specific signature: C standard header; C stdio function; C allocation function; C typedef/struct syntax,development,,,
f40e2428dc4c1c443fc52ba2,C,C,CONFIRMED_C,C source signatures and no Java/C++-specific signature: C standard header; C stdio function,development,,,
f489b93d0632ac329914a615,C,C,CONFIRMED_C,C source signatures and no Java/C++-specific signature: C standard header; C stdio function,test,,,
f4f128f61742671063172edc,C,C,CONFIRMED_C,C source signatures and no Java/C++-specific signature: C standard header; C stdio function,validation,,CAL_017,
f54e764ee575acd0a77b8918,C,C,CONFIRMED_C,C source signatures and no Java/C++-specific signature: C standard header; C stdio function,test,,,
f5569828695011fbe1d7ed32,C,C,CONFIRMED_C,C source signatures and no Java/C++-specific signature: C standard header; C stdio function,development,,,
f5662fa9131c7f760243e147,C,C,CONFIRMED_C,C source signatures and no Java/C++-specific signature: C standard header; C stdio function,development,,,
f5c340bee82b0bce73683962,C,C,CONFIRMED_C,C source signatures and no Java/C++-specific signature: C standard header; C stdio function; C allocation function; C typedef/struct syntax,development,DEV_003,,
f6384c59fc99bf89236159ca,C,C,CONFIRMED_C,C source signatures and no Java/C++-specific signature: C standard header; C stdio function,validation,,,
f63b1bba15bc21102efdc4b2,C,C,CONFIRMED_C,C source signatures and no Java/C++-specific signature: C standard header; C stdio function; C allocation function; C typedef/struct syntax,development,,,
f65deb736a9d0422a44d8cf8,C,C,CONFIRMED_C,C source signatures and no Java/C++-specific signature: C standard header; C stdio function,development,,,
f6a1e34771226f16b9665ff8,C,C,CONFIRMED_C,C source signatures and no Java/C++-specific signature: C standard header; C stdio function,development,,,
f6d693d5786e67344da9047c,C,C,CONFIRMED_C,C source signatures and no Java/C++-specific signature: C standard header; C stdio function,development,,,
f7df0c7efb6920834194f892,C,C,CONFIRMED_C,C source signatures and no Java/C++-specific signature: C standard header; C stdio function,validation,,,
f81738ea6466fe258d8199db,C,C,CONFIRMED_C,C source signatures and no Java/C++-specific signature: C standard header; C stdio function,development,,,
f8c0a7f9106b829609ab5d35,C,C,CONFIRMED_C,C source signatures and no Java/C++-specific signature: C standard header; C stdio function,test,,,
f8ea00dcb9c6c24aef9284d8,C,C,CONFIRMED_C,C source signatures and no Java/C++-specific signature: C standard header; C stdio function,validation,,,
f931d066a55b2155f35c17c1,C,C,CONFIRMED_C,C source signatures and no Java/C++-specific signature: C standard header; C stdio function,development,,,
f939fd7c9011487f8c18c21c,C,C,CONFIRMED_C,C source signatures and no Java/C++-specific signature: C standard header; C stdio function,development,,,
f98be0c689f29283ff05e60d,C,C,CONFIRMED_C,C source signatures and no Java/C++-specific signature: C standard header; C stdio function,test,,,8a90c0d54e4a2d7b59e2f83e
f9935d944d63d8685033a869,C,C,CONFIRMED_C,C source signatures and no Java/C++-specific signature: C standard header; C stdio function,development,,,
fa26778fa8200e9102ab674f,C,C,CONFIRMED_C,C source signatures and no Java/C++-specific signature: C standard header; C stdio function,test,,,
fa2d8aabaea423f3ce4a17fa,C,C,CONFIRMED_C,C source signatures and no Java/C++-specific signature: C standard header; C stdio function,development,,,
fa4af02e4e2149ddd3de9484,C,C,CONFIRMED_C,C source signatures and no Java/C++-specific signature: C standard header; C stdio function,development,,,
fac11f20acba4b054801c8d0,C,C,CONFIRMED_C,C source signatures and no Java/C++-specific signature: C standard header; C stdio function,development,,,
fb6eb8fc56b62a76965f2897,C,C,CONFIRMED_C,C source signatures and no Java/C++-specific signature: C standard header; C stdio function,validation,,CAL_004,
fbe7cb66ed0f2ef2544818cb,C,C,CONFIRMED_C,C source signatures and no Java/C++-specific signature: C standard header; C stdio function; C allocation function; C typedef/struct syntax,development,DEV_023,,
fc4675c5b9c6be5aa50c10ba,C,C,CONFIRMED_C,C source signatures and no Java/C++-specific signature: C standard header; C stdio function,validation,,,
fc5164501fc0913093715be3,C,C,CONFIRMED_C,C source signatures and no Java/C++-specific signature: C standard header; C stdio function,validation,,,
fc8870da98e92d3f64c43cc1,C,C,CONFIRMED_C,C source signatures and no Java/C++-specific signature: C standard header; C stdio function,validation,,,
fc9e9b2ce98c3d258acb4957,C,C,CONFIRMED_C,C source signatures and no Java/C++-specific signature: C standard header; C stdio function,validation,,,
fcbbdc7a59523e8b4c0cb631,C,C,CONFIRMED_C,C source signatures and no Java/C++-specific signature: C standard header; C stdio function,validation,,,
fccd8ef36704abc9eca4c1a4,C,C,CONFIRMED_C,C source signatures and no Java/C++-specific signature: C standard header; C stdio function,development,DEV_034,,
fcdb907d9d12f6301d719bab,C,C,CONFIRMED_C,C source signatures and no Java/C++-specific signature: C standard header; C stdio function,validation,,,
fcec056e920036d5ae1ed75f,C,C,CONFIRMED_C,C source signatures and no Java/C++-specific signature: C standard header; C stdio function,development,,,
fcf398f0ad1c81e61e560db6,C,C,CONFIRMED_C,C source signatures and no Java/C++-specific signature: C standard header; C stdio function,development,,,
fdb2fa21b1a35b2c12f8e664,C,C,CONFIRMED_C,C source signatures and no Java/C++-specific signature: C standard header; C stdio function,development,,,
fde9769f47e6999d657d6f4b,C,C,CONFIRMED_C,C source signatures and no Java/C++-specific signature: C standard header; C stdio function,validation,,,
fe2266ac17876ede1ec3b57d,C,C,CONFIRMED_C,C source signatures and no Java/C++-specific signature: C standard header; C stdio function,development,,,
fe7e50666d3d4e50968ceb84,C,C,CONFIRMED_C,C source signatures and no Java/C++-specific signature: C standard header; C stdio function,validation,,,
ff809fe0f1b65ea6052ee580,C,C,CONFIRMED_C,C source signatures and no Java/C++-specific signature: C standard header; C stdio function,validation,,,
ffaaa7d2f966ca1ed02a6ef8,C,C,CONFIRMED_C,C source signatures and no Java/C++-specific signature: C standard header; C stdio function,development,,,
ffdd61a309be389c7fea3edb,C,C,CONFIRMED_C,C source signatures and no Java/C++-specific signature: C standard header; C stdio function,development,,,
fff53e908abb465b3e6fc9bc,C,C,CONFIRMED_C,C source signatures and no Java/C++-specific signature: C standard header; C stdio function,development,,,
